特約商店名稱,營業地址
００６－００４０～１販賣機＆電話亭ＫＴＶ,高雄市新興區 五福二路２６２號１樓
００６－００４２～３販賣機＆電話亭ＫＴＶ,高雄市前鎮區 忠勤路８號１樓
００６－０１０２販賣機＆電話亭ＫＴＶ,高雄市三民區 大順二路８４９號
００６－０１０９販賣機＆電話亭ＫＴＶ,高雄市鳳山區 林森路２９１號
００６－０１４２～３販賣機＆電話亭ＫＴＶ,高雄市三民區 民族一路４２７號地下１樓
００６－０１５３～４販賣機＆電話亭ＫＴＶ,高雄市左營區 高鐵路１１５號地下２樓
００６－０１５５販賣機＆電話亭ＫＴＶ,高雄市前金區 中華三路６８號９樓員工休息室
００６－０１５７～８販賣機＆電話亭ＫＴＶ,高雄市前金區 中華三路６８號地下１樓及５樓梯廳
００６－０１８１～３販賣機＆電話亭ＫＴＶ,高雄市苓雅區 三多四路２１號１３樓
００６－０１８４～５販賣機＆電話亭ＫＴＶ,高雄市前鎮區 鎮港路１８號
１７號穀倉手工吐司坊－文化店,高雄市苓雅區 青年一路２號及２－１號一樓
１７號穀倉手工吐司坊－文濱店,高雄市鳳山區 文濱路１２３號１樓
１７號穀倉手工吐司坊－明華店,高雄市左營區 明華一路７０號１樓
１７號穀倉手工吐司坊－建工店,高雄市三民區 建工路６７７號１樓
１７號穀倉手工吐司坊－鼓山美術店,高雄市鼓山區 美術北三路１１５號１樓
１８０度Ｃ未來嗜,高雄市三民區 建工路３２７號１樓
２４ＨＩ－丸鐵運動訓練中心,高雄市三民區 美都路９號
２４ＨＩ－月緹,高雄市左營區 新慶路２０巷２２號
２４ＨＩ－旅港,高雄市小港區 宏平路９３號
２４ＨＩ－高雄商旅,高雄市新興區 民族二路３３號
２４ＨＩ－高雄萬豪,高雄市鼓山區 龍德新路２２２號
２４ＨＩ－鈞怡大飯店,高雄市前金區 河東路１０號
２４Ｈ韓金智能拉麵,高雄市楠梓區 大學東路１４７號
２４Ｈ韓金智能拉麵－高雄吉林店,高雄市三民區 吉林街１０９－２號
２４Ｈ韓金智能拉麵－鳳山文龍店,高雄市鳳山區 文龍東路７２０號１樓
３１６８聯通大順場,高雄市三民區 大順二路４１號旁
３３１２聯通高雄寶三場,高雄市前鎮區 三多三路２２５號旁空地
３３１５聯通高雄頂豐場,高雄市鳳山區 頂豐街２１號前空地
３３３１聯通高雄鼎義場,高雄市三民區 鼎義街２３１號後方空地
３３８０聯通高雄同新場,高雄市新興區 忠孝一路１５９號旁空地
３４１０聯通高雄七賢場,高雄市鹽埕區 七賢三路６號旁空地
３５０６聯通高雄六合場,高雄市新興區 復興一路８０號地下１樓
３５１２聯通高雄壽華場,高雄市岡山區 壽華路１３１號對面空地
３５２３聯通高雄林園場,高雄市林園區 鳳林路２段３７號旁空地
３５４１聯通高雄橋頭場,高雄市橋頭區 成功南路８５５號前空地
３５５７聯通高雄前金場,高雄市前金區 自強三路２５６號
３５５８聯通高雄路竹場,高雄市路竹區 國昌路２６及２８號前空地
３５６６聯通大順二場,高雄市三民區 大順二路５１０、５１２號
３５６７聯通高雄大社場,高雄市大社區 金龍路３３８、３４０號空地
３５７２聯通高雄英德場,高雄市前鎮區 英德路１４９號旁空地
３６１０聯通高雄岡山場,高雄市岡山區 岡山路３３９號
３Ｑ脆皮雞排－岡山後紅店,高雄市岡山區 大仁北路３６２－１號
５０嵐柳橋店,高雄市岡山區 柳橋西路一段７號１樓
５０嵐站前店,高雄市岡山區 民有路７１號１樓
５０嵐路竹店,高雄市路竹區 智仁街２８９號１樓
５０嵐綠茶連鎖專賣店８８過勇店,高雄市鳳山區 過勇路２０６號１樓
５０嵐綠茶連鎖專賣店８８過勇店,高雄市鳳山區 過勇路２０６號１樓
５０嵐綠茶連鎖專賣店七賢鹽埕店,高雄市鹽埕區 七賢三路１３８號１樓
５０嵐綠茶連鎖專賣店七賢鹽埕店,高雄市鹽埕區 七賢三路１３８號１樓
５０嵐綠茶連鎖專賣店二聖英明店,高雄市前鎮區 二聖一路６３號
５０嵐綠茶連鎖專賣店二聖英明店,高雄市前鎮區 二聖一路６３號
５０嵐綠茶連鎖專賣店十全店,高雄市三民區 十全一路３９１號
５０嵐綠茶連鎖專賣店三多中華店,高雄市苓雅區 三多四路７５號
５０嵐綠茶連鎖專賣店三多中華店,高雄市苓雅區 三多四路７５號
５０嵐綠茶連鎖專賣店三多文橫店,高雄市苓雅區 文橫二路１１號１樓
５０嵐綠茶連鎖專賣店三多光華店,高雄市苓雅區 三多二路３４５號１樓
５０嵐綠茶連鎖專賣店三多光華店,高雄市苓雅區 三多二路３４５號１樓
５０嵐綠茶連鎖專賣店三多店,高雄市苓雅區 三多一路２８１號
５０嵐綠茶連鎖專賣店久堂店,高雄市大樹區 久堂路湖底二巷２９號
５０嵐綠茶連鎖專賣店久堂店,高雄市大樹區 久堂路湖底二巷２９號
５０嵐綠茶連鎖專賣店土庫店,高雄市楠梓區 清豐二路１７０號１樓
５０嵐綠茶連鎖專賣店土庫店,高雄市楠梓區 清豐二路１７０號１樓
５０嵐綠茶連鎖專賣店大昌大豐店,高雄市三民區 大昌二路１６５號１樓
５０嵐綠茶連鎖專賣店大昌立志店,高雄市三民區 大昌一路５１號１樓
５０嵐綠茶連鎖專賣店大社二店,高雄市大社區 中山路２４０號１樓
５０嵐綠茶連鎖專賣店大社二店,高雄市大社區 中山路２４０號１樓
５０嵐綠茶連鎖專賣店大社國中店,高雄市大社區 中山路５２１之２５號
５０嵐綠茶連鎖專賣店大社國中店,高雄市大社區 中山路５２１之２５號
５０嵐綠茶連鎖專賣店大寮店,高雄市大寮區 鳳林四路１２０號
５０嵐綠茶連鎖專賣店大寮店,高雄市大寮區 鳳林四路１２０號１樓
５０嵐綠茶連鎖專賣店大寮國小店,高雄市大寮區 大寮路７７３號１樓
５０嵐綠茶連鎖專賣店大寮國小店,高雄市大寮區 大寮路７７３號１樓
５０嵐綠茶連鎖專賣店大寮輔英店,高雄市大寮區 鳳林三路４００號１樓
５０嵐綠茶連鎖專賣店大寮輔英店,高雄市大寮區 鳳林三路４００號１樓
５０嵐綠茶連鎖專賣店大樹中興店,高雄市大樹區 中興西路９９號１樓
５０嵐綠茶連鎖專賣店大樹中興店,高雄市大樹區 中興西路９９號１樓
５０嵐綠茶連鎖專賣店小港中安店,高雄市小港區 中安路６３６號
５０嵐綠茶連鎖專賣店小港中安店,高雄市小港區 中安路６３６號
５０嵐綠茶連鎖專賣店小港店,高雄市小港區 崇文路８５號
５０嵐綠茶連鎖專賣店小港店,高雄市小港區 崇文路８５號
５０嵐綠茶連鎖專賣店山東店,高雄市三民區 山東街１２４號１樓
５０嵐綠茶連鎖專賣店中山中正店,高雄市新興區 中山橫路６號
５０嵐綠茶連鎖專賣店中山中正店,高雄市新興區 中山橫路６號
５０嵐綠茶連鎖專賣店中山店,高雄市鳳山區 五甲一路２８號１樓
５０嵐綠茶連鎖專賣店中正神農店,高雄市鳥松區 中正路５４號１樓
５０嵐綠茶連鎖專賣店中正神農店,高雄市鳥松區 中正路５４號１樓
５０嵐綠茶連鎖專賣店中華新光店,高雄市前鎮區 中華五路１４５７號
５０嵐綠茶連鎖專賣店中華新光店,高雄市前鎮區 中華五路１４５７號
５０嵐綠茶連鎖專賣店五甲南華店,高雄市鳳山區 南華路１５１號１樓
５０嵐綠茶連鎖專賣店五甲南華店,高雄市鳳山區 南華路１５１號１樓
５０嵐綠茶連鎖專賣店五甲國泰店,高雄市鳳山區 五甲一路２２２號１樓
５０嵐綠茶連鎖專賣店五福鹽埕店,高雄市鹽埕區 五福四路１３４號
５０嵐綠茶連鎖專賣店五福鹽埕店,高雄市鹽埕區 五福四路１３４號
５０嵐綠茶連鎖專賣店內惟店,高雄市鼓山區 九如四路１４３４號
５０嵐綠茶連鎖專賣店六合店,高雄市苓雅區 六合路４２之３號
５０嵐綠茶連鎖專賣店六合店,高雄市苓雅區 六合路４２之３號
５０嵐綠茶連鎖專賣店左大店,高雄市左營區 左營大路４９號１樓
５０嵐綠茶連鎖專賣店左大聖公店,高雄市左營區 左營大路２８１號１樓
５０嵐綠茶連鎖專賣店民權民生店,高雄市新興區 民生一路１５６號１樓
５０嵐綠茶連鎖專賣店民權民生店,高雄市新興區 民生一路１５６號１樓
５０嵐綠茶連鎖專賣店光明新厝店,高雄市大寮區 光明路１段１５號
５０嵐綠茶連鎖專賣店光明新厝店,高雄市大寮區 光明路１段１５號
５０嵐綠茶連鎖專賣店光華夜市店,高雄市前鎮區 光華二路３０９號１樓
５０嵐綠茶連鎖專賣店光華夜市店,高雄市前鎮區 光華二路３０９號１樓
５０嵐綠茶連鎖專賣店光遠黃埔店,高雄市鳳山區 光遠路６３號
５０嵐綠茶連鎖專賣店光遠黃埔店,高雄市鳳山區 光遠路６３號
５０嵐綠茶連鎖專賣店自立七賢店,高雄市前金區 自立一路４３號
５０嵐綠茶連鎖專賣店自立七賢店,高雄市前金區 自立一路４３號
５０嵐綠茶連鎖專賣店自立六合店,高雄市新興區 自立二路１２６號
５０嵐綠茶連鎖專賣店自立六合店,高雄市新興區 自立二路１２６號
５０嵐綠茶連鎖專賣店自強中正店,高雄市前金區 自強二路１８０號
５０嵐綠茶連鎖專賣店自強中正店,高雄市前金區 自強二路１８０號
５０嵐綠茶連鎖專賣店自強青年店,高雄市苓雅區 自強三路１６９號
５０嵐綠茶連鎖專賣店自強青年店,高雄市苓雅區 自強三路１６９號
５０嵐綠茶連鎖專賣店明誠富民店,高雄市左營區 明誠二路４９３號
５０嵐綠茶連鎖專賣店明誠富民店,高雄市左營區 明誠二路４９３號
５０嵐綠茶連鎖專賣店林泉店,高雄市苓雅區 林泉街７４號
５０嵐綠茶連鎖專賣店林泉店,高雄市苓雅區 林泉街７４號
５０嵐綠茶連鎖專賣店林森八德店,高雄市新興區 林森一路２６６號
５０嵐綠茶連鎖專賣店林園文化店,高雄市林園區 文化街１３１號１樓
５０嵐綠茶連鎖專賣店林園文化店,高雄市林園區 文化街１３１號１樓
５０嵐綠茶連鎖專賣店林園東林店,高雄市林園區 東林西路１８９號１樓
５０嵐綠茶連鎖專賣店林園東林店,高雄市林園區 東林西路１８９號１樓
５０嵐綠茶連鎖專賣店林園高中店,高雄市林園區 林園北路５０９號１樓
５０嵐綠茶連鎖專賣店林園高中店,高雄市林園區 林園北路５０９號１樓
５０嵐綠茶連鎖專賣店武慶店,高雄市前鎮區 武慶二路３９號１樓
５０嵐綠茶連鎖專賣店武慶店,高雄市前鎮區 武慶二路３９號１樓
５０嵐綠茶連鎖專賣店阿蓮忠孝店,高雄市阿蓮區 忠孝路１３２號１樓
５０嵐綠茶連鎖專賣店阿蓮忠孝店,高雄市阿蓮區 忠孝路１３２號１樓
５０嵐綠茶連鎖專賣店青年店,高雄市苓雅區 青年一路１７９之２號１樓
５０嵐綠茶連鎖專賣店青年店,高雄市苓雅區 青年一路１７９之２號１樓
５０嵐綠茶連鎖專賣店哈瑪星臨海店,高雄市鼓山區 臨海二路４１號１樓
５０嵐綠茶連鎖專賣店建工店,高雄市三民區 建工路６１６號１樓
５０嵐綠茶連鎖專賣店建工店,高雄市三民區 建工路６１６號１樓
５０嵐綠茶連鎖專賣店建國中山店,高雄市三民區 建國二路２７３號
５０嵐綠茶連鎖專賣店後昌店,高雄市楠梓區 後昌路８１５號１樓
５０嵐綠茶連鎖專賣店後勁店,高雄市楠梓區 後昌路９３號１樓
５０嵐綠茶連鎖專賣店美術東八店,高雄市鼓山區 美術東八街１２５號１樓
５０嵐綠茶連鎖專賣店美術東八店,高雄市鼓山區 美術東八街１２５號１樓
５０嵐綠茶連鎖專賣店草衙店,高雄市前鎮區 草衙二路４４５號１樓
５０嵐綠茶連鎖專賣店草衙店,高雄市前鎮區 草衙二路４４５號１樓
５０嵐綠茶連鎖專賣店高雄總倉,高雄市鳥松區 大華路２１４巷４弄３１號１樓
５０嵐綠茶連鎖專賣店高應大店,高雄市三民區 大昌二路５５５號１樓
５０嵐綠茶連鎖專賣店崇德店,高雄市左營區 崇德路２７７號１樓
５０嵐綠茶連鎖專賣店崇德店,高雄市左營區 崇德路２７７號１樓
５０嵐綠茶連鎖專賣店捷運鳳山店,高雄市鳳山區 光遠路３３５號
５０嵐綠茶連鎖專賣店捷運鳳山店,高雄市鳳山區 光遠路３３５號
５０嵐綠茶連鎖專賣店蚵仔寮店,高雄市梓官區 漁港一路１２２號１樓
５０嵐綠茶連鎖專賣店蚵仔寮店,高雄市梓官區 漁港一路１２２號１樓
５０嵐綠茶連鎖專賣店鳥松中正店,高雄市鳥松區 中正路３４５號１樓
５０嵐綠茶連鎖專賣店鳥松中正店,高雄市鳥松區 中正路３４５號１樓
５０嵐綠茶連鎖專賣店富國店,高雄市左營區 富國路２７５號
５０嵐綠茶連鎖專賣店－富國店,高雄市左營區 富國路２７５號
５０嵐綠茶連鎖專賣店復興一心店,高雄市前鎮區 復興三路２９７號１樓
５０嵐綠茶連鎖專賣店復興一心店,高雄市前鎮區 復興三路２９７號１樓
５０嵐綠茶連鎖專賣店華夏新光店,高雄市左營區 華夏路９３９號１樓
５０嵐綠茶連鎖專賣店華夏新光店,高雄市左營區 華夏路９３９號１樓
５０嵐綠茶連鎖專賣店陽明店,高雄市三民區 陽明路３９０號１樓
５０嵐綠茶連鎖專賣店楠梓樂群店,高雄市楠梓區 樂群路１５２號
５０嵐綠茶連鎖專賣店楠梓樂群店,高雄市楠梓區 樂群路１５２號
５０嵐綠茶連鎖專賣店獅甲復興店,高雄市前鎮區 復興三路１２９號
５０嵐綠茶連鎖專賣店獅甲復興店,高雄市前鎮區 復興三路１２９號
５０嵐綠茶連鎖專賣店瑞隆二店,高雄市前鎮區 瑞隆路３１５號１樓
５０嵐綠茶連鎖專賣店瑞隆店,高雄市前鎮區 瑞隆路５４２號１樓
５０嵐綠茶連鎖專賣店瑞隆店,高雄市前鎮區 瑞隆路５４２號
５０嵐綠茶連鎖專賣店瑞豐店,高雄市鼓山區 裕誠路１１８２號
５０嵐綠茶連鎖專賣店義華店,高雄市三民區 義華路２７６號１樓
５０嵐綠茶連鎖專賣店裕誠明誠店,高雄市鼓山區 裕誠路１６４６號１樓
５０嵐綠茶連鎖專賣店裕誠明誠店,高雄市鼓山區 裕誠路１６４６號１樓
５０嵐綠茶連鎖專賣店鼎山店,高雄市三民區 鼎山街６１７號
５０嵐綠茶連鎖專賣店鼎山店,高雄市三民區 鼎山街６１７號
５０嵐綠茶連鎖專賣店旗津店,高雄市旗津區 廟前路１１２號１樓
５０嵐綠茶連鎖專賣店旗津店,高雄市旗津區 廟前路１１２號１樓
５０嵐綠茶連鎖專賣店旗楠安泰店,高雄市楠梓區 旗楠路９０７之１２號１樓
５０嵐綠茶連鎖專賣店旗楠安泰店,高雄市楠梓區 旗楠路９０７之１２號１樓
５０嵐綠茶連鎖專賣店漢民店,高雄市小港區 漢民路６６９號１樓
５０嵐綠茶連鎖專賣店漢民店,高雄市小港區 漢民路６６９號１樓
５０嵐綠茶連鎖專賣店福德店,高雄市苓雅區 福德三路２００號
５０嵐綠茶連鎖專賣店鳳山八德店,高雄市鳳山區 八德路２８０號１樓
５０嵐綠茶連鎖專賣店鳳山中崙店,高雄市鳳山區 中崙二路５６０號
５０嵐綠茶連鎖專賣店鳳山文衡店,高雄市鳳山區 文衡路４４５號
５０嵐綠茶連鎖專賣店鳳山文衡店,高雄市鳳山區 文衡路４４５號
５０嵐綠茶連鎖專賣店鳳山光復店,高雄市鳳山區 光復路一段６８號
５０嵐綠茶連鎖專賣店鳳山青年店,高雄市鳳山區 青年路一段３１３號
５０嵐綠茶連鎖專賣店鳳山青年店,高雄市鳳山區 青年路一段３１３號
５０嵐綠茶連鎖專賣店鳳山建國店,高雄市鳳山區 建國路三段２５５號１樓
５０嵐綠茶連鎖專賣店鳳山建國店,高雄市鳳山區 建國路三段２５５號１樓
５０嵐綠茶連鎖專賣店鳳商車站店,高雄市鳳山區 文衡路２７號
５０嵐綠茶連鎖專賣店鳳楠店,高雄市楠梓區 鳳楠路２６５號１樓
５０嵐綠茶連鎖專賣店鳳楠店,高雄市楠梓區 鳳楠路２６５號１樓
５０嵐綠茶連鎖專賣店德民店,高雄市楠梓區 德民路９１５號１樓
５０嵐綠茶連鎖專賣店德民店,高雄市楠梓區 德民路９１５號１樓
５０嵐綠茶連鎖專賣店慶豐店,高雄市鼓山區 慶豐街２２號
５０嵐綠茶連鎖專賣店樹科大鳳旗店,高雄市燕巢區 鳳旗路１６３號
５０嵐綠茶連鎖專賣店樹科大鳳旗店,高雄市燕巢區 鳳旗路１６３號１樓
５０嵐綠茶連鎖專賣店橋頭店,高雄市橋頭區 橋南路１００號
５０嵐綠茶連鎖專賣店橋頭店,高雄市橋頭區 橋南路１００號
５０嵐綠茶連鎖專賣店燕巢中民店,高雄市燕巢區 中民路７３２號１樓
５０嵐綠茶連鎖專賣店燕巢中民店,高雄市燕巢區 中民路７３２號１樓
５０嵐綠茶連鎖專賣店彌陀中正店,高雄市彌陀區 中正路１５９號１樓
５０嵐綠茶連鎖專賣店覺民店,高雄市三民區 覺民路１８５號
５０嵐綠茶連鎖專賣店覺民店,高雄市三民區 覺民路１８５號
５０嵐維仁店,高雄市岡山區 維新路１３８號１樓
７００１聯通高雄總圖場,高雄市前鎮區 林森四路１８９號
８５度Ｃ–岡山大義店,高雄市岡山區 大義二路３３２號１樓
８５度Ｃ－高雄仁武店,高雄市仁武區 中華路３６７號
８５度Ｃ－高雄公正店,高雄市前鎮區 瑞崗里瑞隆路３８２號１樓
８５度Ｃ－高雄右昌店,高雄市楠梓區 德民路９０３號１至２樓
８５度Ｃ－高雄岡山店,高雄市岡山區 壽天路３７－３號１樓
８５度Ｃ高雄茄萣店,高雄市茄萣區 茄萣路二段３８１號
８５度Ｃ－高雄富國店,高雄市左營區 富國路２３８號
８５度Ｃ－高雄旗山店,高雄市旗山區 華中街７號
８５度Ｃ－高雄漢民店,高雄市小港區 漢民路７２７號１樓、７２９號１樓
８５度Ｃ－楠梓建楠店,高雄市楠梓區 建楠路１１６號１樓
８５度Ｃ－楠梓德賢店,高雄市楠梓區 德賢路１８８號１樓
８５度Ｃ－路竹忠孝店,高雄市路竹區 中山路９３５號１樓
８５度Ｃ－鳳山中山店,高雄市鳳山區 中山西路３０６號１樓
８５度Ｃ－鳳山五甲店,高雄市鳳山區 五甲二路４９３號
８５度Ｃ－鳳山文龍店,高雄市鳳山區 文龍東路６９２號
８５度Ｃ－橋頭成功店,高雄市橋頭區 成功北路７１號１樓
Ａｊｕｓｓｉ－阿啾西拉麵圖書館－小港二苓店,高雄市小港區 二苓路２６３號１樓
ＢＬＩＫＥ－高雄自強店,高雄市前金區 自強三路２５１號１＋２樓
ＢＯＢＯ波波－高雄明哲店,高雄市三民區 明哲路３３號１樓
ＣＩＡＯ！Ｊｅｓｓｙ　ｓｃｏｎｅ,高雄市新興區 中正三路１－１５號
ｃｉａｏ義式料理,高雄市楠梓區 壽豐路３０６號
Ｃｉｎｄｙ、ｓ　ＰＡＮＣＡＫＥ,高雄市鼓山區 華欣路７號１樓
ＤＡＭＮ　ＧＯＯＤ　ＢＵＲＧＥＲ,高雄市鹽埕區 真愛路１號
Ｄａｚｅ　聆聽,高雄市左營區 南屏路４１０號
ＤＥＢＵＧ＿２４自助麵站,高雄市楠梓區 加昌路３３２巷１６號
Ｄｒｉｎｋｓｔｏｒｅ　水雲朵高雄成功店,高雄市苓雅區 成功一路２１０－２號１樓
ＦＦ　ＣＨＩＣＫＥＮ,高雄市楠梓區 藍昌路４５３號
Ｇ·ｂｕｒｇｅｒ　小港店,高雄市小港區 桂華街１２號
ＧＯＲ、　Ｃｏｆｆｅｅ　內惟藝術中心門市,高雄市鼓山區 馬卡道路３２９號
ＧＯＲ、　ＣＯＦＦＥＥ衛武營門市,高雄市鳳山區 三多一路１號（衛武營藝術文化中心之公共鋼琴旁、３樓Ｃ櫃位
ＧＯＲ、Ｃｏｆｆｅｅ,高雄市前鎮區 中山三路３９號
ＨＡＮｄＭＡｄＥ手創茶飲,高雄市大社區 中山路２７２號一樓
ｉｓｈｏｐ摩寶智慧商店－暮盆義大店,高雄市燕巢區 義大路１號Ｂ１＿２５號櫃位
Ｊ　ｃａｆ’ｅ,高雄市前金區 新田路２７０號１樓
ＪＩＴ快速剪髮－高雄武廟店,高雄市苓雅區 武廟路２之１號１樓
ＪＩＴ快速剪髮總部,高雄市三民區 鼎山街５７６號之１三樓（ＪＩＴ快速剪髮總部）
ＫＦＣ－高雄三多,高雄市苓雅區 三多二路１９３號１、２樓
ＫＦＣ－高雄三多Ｋｉｏｓｋ,高雄市苓雅區 三多二路１９３號１、２樓
ＫＦＣ－高雄大順二,高雄市三民區 大順二路２４６號１、２樓
ＫＦＣ－高雄大順二　Ｋｉｏｓｋ,高雄市三民區 大順二路２４６號１、２樓
ＫＦＣ－高雄中安,高雄市小港區 中安路７７１號
ＫＦＣ－高雄中安ＫＩＯＳＫ,高雄市小港區 中安路７７１、７７３號
ＫＦＣ－高雄中華五門市部,高雄市前鎮區 中華五路１１１１號１樓
ＫＦＣ－高雄中華五門市部　Ｋｉｏｓｋ,高雄市前鎮區 中華五路１１１１號１樓
ＫＦＣ－高雄仁武,高雄市仁武區 仁雄路８６之４３號
ＫＦＣ－高雄仁武Ｋｉｏｓｋ,高雄市仁武區 仁雄路８６之４３號
ＫＦＣ－高雄文化,高雄市苓雅區 五福一路２２號地下一樓及１、２樓
ＫＦＣ－高雄文化Ｋｉｏｓｋ,高雄市苓雅區 五福一路２２號地下１樓及１樓、２樓
ＫＦＣ－高雄自由,高雄市左營區 自由二路１７３號
ＫＦＣ－高雄自由　Ｋｉｏｓｋ,高雄市左營區 自由二路１７３號
ＫＦＣ－高雄岡山,高雄市岡山區 岡山路２７１號１～３樓
ＫＦＣ－高雄岡山　Ｋｉｏｓｋ,高雄市岡山區 岡山路２７１號１至３樓
ＫＦＣ－高雄沿海,高雄市小港區 沿海一路１４５號
ＫＦＣ－高雄沿海Ｋｉｏｓｋ,高雄市小港區 沿海一路１４５號
ＫＦＣ－高雄青海,高雄市鼓山區 青海路１５１號
ＫＦＣ－高雄青海Ｋｉｏｓｋ,高雄市鼓山區 青海路１５１號
ＫＦＣ－高雄後昌餐廳,高雄市楠梓區 後昌新路２０號
ＫＦＣ－高雄後昌餐廳　Ｋｉｏｓｋ,高雄市楠梓區 後昌新路２０號
ＫＦＣ－高雄站前,高雄市三民區 建國三路２３號１樓
ＫＦＣ－高雄站前　Ｋｉｏｓｋ,高雄市三民區 建國三路２３號１樓
ＫＦＣ－高雄崇德,高雄市左營區 崇德路３１１號
ＫＦＣ－高雄崇德ＫＩＯＳＫ,高雄市左營區 新光里崇德路３１１號
ＫＦＣ－高雄楠梓二,高雄市楠梓區 建楠路１５０、１５２號１、２樓
ＫＦＣ－高雄楠梓二　Ｋｉｏｓｋ,高雄市楠梓區 建楠路１５０、１５２號１、２樓
ＫＦＣ－高雄瑞隆,高雄市前鎮區 瑞隆路４４５號
ＫＦＣ－高雄瑞隆Ｋｉｏｓｋ,高雄市前鎮區 瑞隆路４４５號
ＫＦＣ－高雄鼎中,高雄市三民區 鼎中路４００號
ＫＦＣ－高雄鼎中Ｋｉｏｓｋ,高雄市三民區 鼎中路４００號
ＫＦＣ－高雄橋頭,高雄市橋頭區 成功南路４１之１號１、２樓
ＫＦＣ－高雄橋頭ＫＩＯＳＫ,高雄市橋頭區 成功南路４１之１號１、２樓
ＫＦＣ－鳳山中山,高雄市鳳山區 中山路２１５號
ＫＦＣ－鳳山中山Ｋｉｏｓｋ,高雄市鳳山區 興仁里中山路２１５號
ＫＦＣ－鳳山五甲,高雄市鳳山區 五福二路１號１樓
ＫＦＣ－鳳山五甲　Ｋｉｏｓｋ,高雄市鳳山區 五福二路１號１樓
ＫＦＣ－鳳山青年,高雄市鳳山區 青年路２段３１３號
ＫＦＣ－鳳山青年Ｋｉｏｓｋ,高雄市鳳山區 青年路２段３１３號
Ｌｉｔｔｌｅ　Ｓｈａｆｉｏｒ少莎馡歐,高雄市前鎮區 育群街２９０號
ＭＥＮＩＰＰＥ－仁武店,高雄市仁武區 仁雄路４５１號１樓
ＭＩＮＩ﹒Ｄ　ＣＯＦＦＥＥ－高雄自立館,高雄市前金區 自立二路１１７號１Ｆ、２Ｆ
ＭＩＮＩ。Ｄ　ＣＯＦＦＥＥ－至聖店,高雄市左營區 至聖路２５０號１Ｆ
ＭＩＮＩ。Ｄ　ＣＯＦＦＥＥ－岡山運動中心店,高雄市岡山區 中山南路１６９號
ＭＩＮＩ。Ｄ　ＣＯＦＦＥＥ－明倫店,高雄市鼓山區 明倫路１４１號
ＭＩＮＩ。Ｄ　ＣＯＦＦＥＥ－美術店,高雄市鼓山區 美術館路８７號１Ｆ
ＭＩＮＩ。Ｄ　ＣＯＦＦＥＥ－高雄仁武仁雄店,高雄市仁武區 仁雄路９１之２號
ＭＩＮＩ。Ｄ　ＣＯＦＦＥＥ－裕誠店,高雄市左營區 裕誠路４２８號１、２Ｆ
ＭＩＮＩ。Ｄ　ＣＯＦＦＥＥ－鳳山文化店,高雄市鳳山區 文建街１７８號及１８０號
ＭＩＮＩ。Ｄ　ＣＯＦＦＥＥ－藍田店,高雄市楠梓區 大學東路１７３號
ＭＩＮＩ‧Ｄ　ＣＯＦＦＥＥ－三多店,高雄市前鎮區 三多三路８１號
Ｎａｙａ　Ｃａｆｅ,高雄市岡山區 中山南路６９號
ｎｉｃｅｙｏ　耐斯優優格專賣七賢店,高雄市新興區 七賢一路２９５號１樓
ｎｉｃｅｙｏ　耐斯優優格專賣大順店,高雄市左營區 大順一路２９６號１樓
Ｏｔｔｏ２　義守大學店,高雄市大樹區 學城路一段一號
Ｏｔｔｏ２義大樂園店,高雄市大樹區 學城路一段１０號４Ｆ
ＯＷＬｏｃｋｅｒ寄物櫃－義大遊樂園,高雄市大樹區 學城路１段１０號
ＯＷＬｏｃｋｅｒ智慧型寄物櫃－高鐵左營站,高雄市左營區 高鐵路１０５號２樓
ＯＷＬｏｃｋｅｒ智慧型寄物櫃－義大世界購物廣場,高雄市大樹區 學城路１段１２號
ＯＷＬｏｃｋｅｒ智慧型寄物櫃－義享天地,高雄市鼓山區 大順一路１１５號
ＰＩＮＧ　ＰＡＲＫＩＮＧ　ＬＯＴ興中站,高雄市苓雅區 意誠段５３、５４及５５地號（全部）
ＰＩＺＺＡ　ＢＲＯＳ,高雄市苓雅區 新光路７０號１樓
Ｑ　Ｂｕｒｇｅｒ　－　高雄進學店,高雄市大寮區 進學路１１０號１樓
Ｑ　Ｂｕｒｇｅｒ　－　楠梓元帥店,高雄市楠梓區 三山街８號
Ｑ　Ｂｕｒｇｅｒ　－高雄臨海二店,高雄市鼓山區 臨海二路４３號（１樓）
Ｑ　Ｂｕｒｇｅｒ－高雄大昌店,高雄市三民區 大昌二路５２２號１樓
Ｑ　Ｂｕｒｇｅｒ－高雄大順店,高雄市苓雅區 大順三路２２２號（一樓）、２２４號（一樓）
Ｑ　Ｂｕｒｇｅｒ－高雄文忠店,高雄市鼓山區 文忠路１００號
Ｑ　Ｂｕｒｇｅｒ－高雄四維二店,高雄市苓雅區 四維二路２４３及２４５號１樓
Ｑ　Ｂｕｒｇｅｒ－高雄民族店,高雄市三民區 民族一路７９６號（一樓）、７９８號（一樓）
Ｑ　Ｂｕｒｇｅｒ－高雄吉林店,高雄市三民區 吉林街９６、９８號
Ｑ　Ｂｕｒｇｅｒ－高雄城峰店,高雄市左營區 城峰路５６號（１樓）
Ｑ　Ｂｕｒｇｅｒ－高雄建德店,高雄市三民區 建德路５１號、５３號（１樓）
Ｑ　Ｂｕｒｇｅｒ－高雄德山店,高雄市三民區 德山街３２號
Ｑ　Ｂｕｒｇｅｒ－高雄橋頭店,高雄市橋頭區 成功路５７號（１樓）
Ｑ　Ｂｕｒｇｅｒ－高雄濱山店,高雄市鳳山區 濱山街３５號
Ｑ　Ｂｕｒｇｅｒ－鳳山海洋店,高雄市鳳山區 海洋二路５５－２、５５－３號
Ｑ　Ｂｕｒｇｅｒ－鳳山博愛店,高雄市鳳山區 瑞明街９０巷８號１樓
Ｑｂｕｒｇｅｒ　高雄永樂店,高雄市苓雅區 林森二路１１－１號、１１號
ＱＢｕｒｇｅｒ　鳳山大明分公司,高雄市鳳山區 大明路１８號
ＱＢｕｒｇｅｒ－高雄左營店,高雄市左營區 左營大路５８５號１Ｆ
Ｒａｍｂｌｅ　Ｃａｆｅ　漫步藍咖啡－高雄信宗店,高雄市三民區 建國三路４８７號
Ｓｅｃｏｎｄ　Ｓｐａｃｅ,高雄市新興區 中山一路１２之５號
Ｓｅｅ　Ｕ　手作披薩,高雄市左營區 文萊路２９０號１樓
Ｓｉｚｚｌｏｖｅ－中正店,高雄市新興區 中正三路７３號
Ｓｉｚｚｌｏｖｅ－中華店,高雄市鼓山區 龍子里中華一路４６９號
ＳＭＯＫＯ　ＳＡＬＡＤ　ＢＡＲ,高雄市前鎮區 林森三路５５號
Ｓｕｂｗａｙ－仁武店,高雄市仁武區 仁雄路９２之３號
ＳＵＢＷＡＹ－左營高鐵店,高雄市左營區 高鐵路１０５號２樓
Ｓｕｂｗａｙ－高雄三多店,高雄市苓雅區 三多二路３０２、３０６號
Ｓｕｂｗａｙ－高雄中正店,高雄市新興區 中正三路４５號１樓
Ｓｕｂｗａｙ－高雄天祥店,高雄市三民區 天祥一路１８５號
Ｓｕｂｗａｙ－高雄同盟店,高雄市三民區 同盟三路６３２號
Ｓｕｂｗａｙ－高雄岡山店,高雄市岡山區 民有路５３號
Ｓｕｂｗａｙ－高雄建楠門市,高雄市楠梓區 建楠路８９號
Ｓｕｂｗａｙ－高雄站前店,高雄市三民區 建國三路４２號
Ｓｕｂｗａｙ－高雄高師大門市,高雄市苓雅區 和平一路１１６號（活動中心）
Ｓｕｂｗａｙ－高雄高醫店,高雄市三民區 十全一路１６１號１Ｆ
Ｓｕｂｗａｙ－高雄博愛店,高雄市左營區 博愛二路３６４號
Ｓｕｂｗａｙ－高雄愛河店,高雄市前金區 五福三路１４８號
Ｓｕｂｗａｙ－健身工廠店,高雄市左營區 博愛三路９８號１樓
Ｓｕｂｗａｙ－鳳山光遠店,高雄市鳳山區 光遠路２９７號１樓
Ｓｕｂｗａｙ－鳳山青年門市,高雄市鳳山區 青年路２段３８１號
ＳＵＫＩＹＡ三民九如店,高雄市三民區 九如一路８０５號１樓
ＳＵＫＩＹＡ三民建工,高雄市三民區 建工路４２２號
ＳＵＫＩＹＡ高雄站前,高雄市三民區 建國三路１７號之１
ＳＵＫＩＹＡ高雄澄清店,高雄市三民區 澄清路４５２號１樓
ＴＥＡＴＯＰ第一味小港大鵬店,高雄市小港區 大鵬路１３２號１Ｆ
ＴＨＥ　ＬＩＧＨＴ　Ｘ　ＣＯＦＦＥＥ,高雄市苓雅區 建國一路１３７－５號１樓
ＴｏＢｅＳｍｏｏｔｈｉｅ－文化中心店,高雄市苓雅區 和平一路９８號
ＴＯＵＣＨ　ＣＡＦＥ　川湖科技,高雄市路竹區 順安路２９９號
ＴＯＵＣＨ　ＣＡＦＥ　川湖集團,高雄市路竹區 路科九路６號
ＴＯＵＣＨ　ＣＡＦＥ　日月光半導體製造－Ｋ２４,高雄市楠梓區 創意南路１號
ＴＯＵＣＨ　ＣＡＦＥ　台鋁影城,高雄市前鎮區 忠勤路８號
ＴＯＵＣＨ　ＣＡＦＥ　秀傳醫院,高雄市路竹區 北嶺六路１００號
ＴＯＵＣＨ　ＣＡＦＥ　良達科技,高雄市大寮區 大有一街２７號
ＴＯＵＣＨ　ＣＡＦＥ　金獅湖大酒店,高雄市三民區 金鼎路１１８號
ＴＯＵＣＨ　ＣＡＦＥ　苓雅運動中心,高雄市苓雅區 中正一路９６號
ＴＯＵＣＨ　ＣＡＦＥ－　馬禮遜美國學校,高雄市大社區 嘉誠路４２號
ＴＯＵＣＨ　ＣＡＦＥ　國立科學工藝博物館－北館,高雄市三民區 九如一路７２０號
ＴＯＵＣＨ　ＣＡＦＥ　國立高雄餐旅大學,高雄市小港區 松和路１號
ＴＯＵＣＨ　ＣＡＦＥ　樹德科技大學,高雄市燕巢區 橫山路５９號
ＴＯＵＣＨ　ＣＡＦＥ　燁輝企業股份有限公司,高雄市橋頭區 芋寮路３６９號
ｔｏｕｃｈ　ｃａｆｅ－三井艾喜緹店,高雄市路竹區 北嶺二路２２號
ｔｏｕｃｈ　ｃａｆｅ－大寶精密,高雄市岡山區 本工一路２３號
ｔｏｕｃｈ　ｃａｆｅ－李長榮高雄廠,高雄市小港區 中林路１６號
ｔｏｕｃｈ　ｃａｆｅ－法務部矯正署高雄第二監獄,高雄市燕巢區 正德新村１號
ｔｏｕｃｈ　ｃａｆｅ－空軍岡山醫院,高雄市岡山區 大義二路１號
ｔｏｕｃｈ　ｃａｆｅ－唐榮鐵工廠股份有限公司,高雄市小港區 沿海二路４號
ｔｏｕｃｈ　ｃａｆｅ－家樂福高雄鼎山店,高雄市三民區 大順二路８４９號
ｔｏｕｃｈ　ｃａｆｅ－高師大和平店,高雄市苓雅區 和平一路１１６號
ｔｏｕｃｈ　ｃａｆｅ－高師大燕巢店,高雄市燕巢區 深水里深中路６２號
ｔｏｕｃｈ　ｃａｆｅ－高雄大安金企業店,高雄市大樹區 三和路１３０之１８號
ｔｏｕｃｈ　ｃａｆｅ－高雄仁武殯儀館店,高雄市仁武區 文學三街１６７號
ｔｏｕｃｈ　ｃａｆｅ－,高雄市文化中心 高雄市苓雅區 五福一路６７號
ｔｏｕｃｈ　ｃａｆｅ－高雄崗山醫院,高雄市岡山區 捷安路８號
ｔｏｕｃｈ　ｃａｆｅ－高雄橋頭殯儀館店,高雄市橋頭區 甲樹路１７０號
ｔｏｕｃｈ　ｃａｆｅ－國立高雄大學,高雄市楠梓區 大學路７００號
ｔｏｕｃｈ　ｃａｆｅ－義大遊樂世界,高雄市大樹區 學城路一段１０號
ｔｏｕｃｈ　ｃａｆｅ－義大購物中心店,高雄市大樹區 學城路一段１２號
ｔｏｕｃｈ　ｃａｆｅ－義守大學校本部店,高雄市大樹區 學城路１號
ｔｏｕｃｈ　ｃａｆｅ－義守大學醫學院店,高雄市燕巢區 義大路８號
ｔｏｕｃｈ　ｃａｆｅ－實踐大學高雄校區,高雄市內門區 大學路２００號
ｔｏｕｃｈ　ｃａｆｅ－緯穎科技路竹店,高雄市路竹區 路科三路５號
ＴＯＵＣＨ　ＣＡＦＥ－穎崴科技店,高雄市楠梓區 加昌路６００之１２號６樓（員工餐廳）
Ｔｗｏｍｉ　Ｃｏｆｆｅｅ,高雄市左營區 富國路４８０號
Ｕｎｉｂｕｙ智販機－ＳＫＭ　Ｐａｒｋ,高雄市前鎮區 中安路１－１號
Ｕｎｉｂｕｙ智販機－月半機車商行,高雄市鳳山區 中正路１８２之３號
Ｕｎｉｂｕｙ智販機－左營介壽（二代）,高雄市左營區 介壽路２５３號
Ｕｎｉｂｕｙ智販機－安德魯紳－衛武營,高雄市鳳山區 三多一路１號
Ｕｎｉｂｕｙ智販機－洗澎澎企業社,高雄市左營區 鼎中路５３８號
Ｕｎｉｂｕｙ智販機－悅己,高雄市前鎮區 草衙二路３７２號
Ｕｎｉｂｕｙ智販機－海科二輪企業,高雄市楠梓區 德祥路１２７號
Ｕｎｉｂｕｙ智販機－高雄三多,高雄市苓雅區 三多一路２７１號
Ｕｎｉｂｕｙ智販機－高雄三多,高雄市苓雅區 三多一路２７１號
Ｕｎｉｂｕｙ智販機－高雄大立百貨,高雄市前金區 五福三路５７號９樓
Ｕｎｉｂｕｙ智販機－高雄大社,高雄市大社區 中正路７４－３號
Ｕｎｉｂｕｙ智販機－高雄大寮鳳屏店,高雄市大寮區 鳳屏一路４７５號
Ｕｎｉｂｕｙ智販機－高雄仁武中華店,高雄市仁武區 中華路２５７號
Ｕｎｉｂｕｙ智販機－高雄全聖,高雄市左營區 至聖路１４７號
Ｕｎｉｂｕｙ智販機－高雄牧場,高雄市新興區 達仁街６５號
Ｕｎｉｂｕｙ智販機－高雄長庚醫院,高雄市鳥松區 大埤路１２３號
Ｕｎｉｂｕｙ智販機－高雄前鎮瑞隆店,高雄市前鎮區 瑞隆路６５８號
Ｕｎｉｂｕｙ智販機－高雄新莊仔,高雄市左營區 新莊仔路１９７號
Ｕｎｉｂｕｙ智販機－高雄楠梓後昌,高雄市楠梓區 後昌路１０７６號
Ｕｎｉｂｕｙ智販機－高鐵左營車站,高雄市左營區 高鐵路１０５號
Ｕｎｉｂｕｙ智販機－甜滿果室,高雄市鼓山區 青海路６３７號１樓
Ｕｎｉｂｕｙ智販機－絡繹商行,高雄市左營區 華夏路５８８號
Ｕｎｉｂｕｙ智販機－微碩企業社,高雄市三民區 建工路６９９號
Ｕｎｉｂｕｙ智販機－瑞丰夜市,高雄市鼓山區 裕誠路１１２８號（瑞丰夜市）
Ｕｎｉｂｕｙ智販機－義享新天地,高雄市鼓山區 大順一路１１５號
Ｕｎｉｂｕｙ智販機－環球購物中心新左營車站,高雄市左營區 站前北路１號１Ｆ—３Ｆ
Ｕｎｉｂｕｙ智販機－鴻水猛受,高雄市三民區 大昌二路４８６號
Ｕｎｉｂｕｙ智販機－寶成雙子星,高雄市前鎮區 民權二路６號
Ｕｎｉｐａｃｈｉｎ鑰匙圈－台鋼九如店,高雄市三民區 九如一路６７號
Ｕｎｉｐａｃｈｉｎ鑰匙圈－台鋼澄清湖店,高雄市鳥松區 大埤路１１３號
ｖｉｖｉ　ｐａｒｋ　－岡山停５,高雄市岡山區 維新東街５１號旁
ＷＯＯＰＥＮ　ＧＯ！高雄光寶楠梓站,高雄市楠梓區 楠梓加工區內環北路１０１號１０Ｆ員工餐廳內
ＷＯＯＰＥＮ　ＧＯ！－高雄義大醫院燕巢站,高雄市燕巢區 義大路１號Ｂ１－２５號櫃位
ＷＯＯＰＥＮ　ＧＯ！－健身工廠楠梓足球場站,高雄市楠梓區 大學路８號
ＷＯＯＰＥＮ　ＧＯ！－棧二庫站,高雄市鼓山區 蓬萊路１７號櫃位０２１１３０１（棧二庫）
ＷＯＷ的店,高雄市岡山區 頂潭路４７號
ＸＭＯＴＯ－大昌店,高雄市三民區 大昌二路４８６號１樓
ＸＭＯＴＯ－至聖路總部,高雄市左營區 至聖路１４７號１樓
ＸＭＯＴＯ－高雄建工店,高雄市三民區 建工路６９９號１樓
Ｙｅｓ早午餐,高雄市鼓山區 美術東五路５８號１樓
ＹＩＧＵＯＲＡＭＥＮ　２４Ｈ異國無人拉麵高雄六合店,高雄市前金區 新盛一街５３號１樓
一毛玖,高雄市三民區 建興路４２０號１樓
一圈圈手作便當,高雄市新興區 信守街１２８號１樓
七海國際開發股份有限公司,高雄市苓雅區 海邊路３１號１５樓之６
九初－高雄鳳山店,高雄市鳳山區 五甲二路４６４號１樓
九初－高雄鳳山店（ＥＣ）,高雄市鳳山區 五甲二路４６４號１樓
九儒民族阿公店停車場,高雄市岡山區 民族路９號對面
九儒民族阿公店停車場,高雄市岡山區 民族路９號對面
九儒林森文林停車場,高雄市前鎮區 林森四路２５５號旁
九儒林森文林停車場,高雄市前鎮區 林森四路２５５號旁
八方雲集　左營曾子店,高雄市左營區 新光里華夏路９７９號
八方雲集　左營曾子店,高雄市左營區 新光里華夏路９７９號
八方雲集　苓雅林森店,高雄市苓雅區 林森二路６３號１、２樓
八方雲集　高雄長庚店,高雄市鳥松區 大埤路１２３號
八方雲集三民九如店,高雄市三民區 九如一路９０３號
八方雲集三民大昌店,高雄市三民區 大昌二路５３５號１樓
八方雲集三民明仁店,高雄市三民區 明仁路３２號
八方雲集三民建興店,高雄市三民區 建興路３２號１樓
八方雲集三民建興店,高雄市三民區 建興路３２號１樓
八方雲集－三民熱河店,高雄市三民區 熱河二街１５７號
八方雲集－大寮大發店,高雄市大寮區 大寮路６６０號
八方雲集－大寮中庄店,高雄市大寮區 八德路８３號１樓
八方雲集大樹久堂店,高雄市大樹區 久堂路６０號
八方雲集仁武八德店,高雄市仁武區 八德中路４９號
八方雲集仁武八德店,高雄市仁武區 八德中路４９號
八方雲集仁武中華店,高雄市仁武區 中華路３１４之２號
八方雲集仁武仁忠店,高雄市仁武區 仁忠路５６號
八方雲集仁武仁雄店,高雄市仁武區 仁雄路７０之７號
八方雲集左營孟子店,高雄市左營區 孟子路９０號１樓
八方雲集左營華夏店,高雄市左營區 華夏路１３４５號
八方雲集左營榮總店,高雄市左營區 榮富街３１號
八方雲集左營翠峰店,高雄市左營區 翠峰路１０號１樓
八方雲集正修科大店,高雄市鳥松區 澄清路８４０號
八方雲集－岡山大仁店,高雄市岡山區 大仁北路８９號１樓
八方雲集－岡山公園店,高雄市岡山區 公園西路３段２１９號
八方雲集林園東林店,高雄市林園區 東林東路３２號
八方雲集林園東林店,高雄市林園區 東林東路３２號
八方雲集林園林內店,高雄市林園區 林內路２１６號
八方雲集前金自立店,高雄市前金區 自立二路１３３號１樓
八方雲集前金自強店,高雄市前金區 自強一路５９號１樓
八方雲集－前金自強店,高雄市前金區 自強一路５９號１樓
八方雲集前鎮二聖店,高雄市前鎮區 二聖一路６９號
八方雲集前鎮台鋁店,高雄市前鎮區 復興三路１６１號
八方雲集前鎮瑞北店,高雄市前鎮區 瑞北路６６號１樓
八方雲集苓雅光華店,高雄市苓雅區 林興里三多二路３５１號１、２樓
八方雲集苓雅光華店,高雄市苓雅區 林興里三多二路３５１號１、２樓
八方雲集－苓雅林泉店,高雄市苓雅區 林泉街１０２號１樓
八方雲集－苓雅輔仁店,高雄市苓雅區 輔仁路１７９之８號１樓
八方雲集苓雅興中店,高雄市苓雅區 興中二路５號１樓
八方雲集高雄一心店,高雄市前鎮區 一心一路３８０號１樓
八方雲集高雄大社店,高雄市大社區 中山路４１１號１樓
八方雲集－高雄大寮店,高雄市大寮區 鳳林三路３７８號１樓
八方雲集高雄小港店,高雄市小港區 小港路１９２之１號
八方雲集高雄中華店,高雄市前鎮區 中華五路９７１號１樓
八方雲集高雄六合店,高雄市苓雅區 六合路２５之１號１樓
八方雲集高雄左大店,高雄市左營區 左營大路１０７、１０９號１樓
八方雲集高雄正義傳愛店,高雄市苓雅區 正義路１０８號１樓
八方雲集－高雄岡山店,高雄市岡山區 開元街８７號１樓
八方雲集高雄林園店,高雄市林園區 信義路４號１樓
八方雲集－高雄林園店,高雄市林園區 信義路４號１樓
八方雲集高雄長庚店,高雄市鳥松區 大埤路１２３號
八方雲集高雄阿蓮店,高雄市阿蓮區 中正路４５０之１號
八方雲集高雄美濃店,高雄市美濃區 中正路１段１１號１樓
八方雲集高雄茄定店,高雄市茄萣區 仁愛路３段５６巷１之１號
八方雲集高雄桂林店,高雄市小港區 孔鳳路４９５號
八方雲集高雄站前店,高雄市三民區 建國三路９５號１樓
八方雲集高雄草衙店,高雄市前鎮區 草衙二路３２２號１樓
八方雲集高雄崇德店,高雄市左營區 崇德路２６６號一樓
八方雲集高雄康莊店,高雄市小港區 康莊路２００號１樓
八方雲集高雄梓官店,高雄市梓官區 梓和里梓官路２０９號１樓
八方雲集高雄盛昌店,高雄市楠梓區 盛昌街１３８號
八方雲集－高雄莒光店,高雄市左營區 後昌路６３９之１號
八方雲集高雄富國店,高雄市左營區 富國路３５號
八方雲集高雄復興店,高雄市新興區 復興一路１１號１樓
八方雲集－高雄華榮店,高雄市鼓山區 華榮路２１０號
八方雲集高雄楠梓店,高雄市楠梓區 楠梓新路２１３號
八方雲集高雄瑞隆店,高雄市前鎮區 瑞隆路３７５號１樓
八方雲集高雄義大店,高雄市大樹區 學城路１段１號
八方雲集高雄裕誠店,高雄市左營區 裕誠路１４６號一樓
八方雲集高雄鼎山店,高雄市三民區 鼎山街６３４號１樓
八方雲集高雄旗山店,高雄市旗山區 延平一路７００之２號１樓
八方雲集高雄旗山店,高雄市旗山區 延平一路７００之２號１樓
八方雲集高雄漢民店,高雄市小港區 漢民路６４１號１樓
八方雲集高雄漢神店,高雄市前金區 自強三路２３１號
八方雲集高雄漢神店,高雄市前金區 自強三路２３１號
八方雲集高雄鳳山店,高雄市鳳山區 五甲一路９號
八方雲集高雄鳳山店,高雄市鳳山區 和興里五甲一路９號
八方雲集－高雄鳳林店,高雄市大寮區 中正路２－７９號１樓
八方雲集高雄德賢店,高雄市楠梓區 德賢路１９９號１樓
八方雲集高雄慶豐店,高雄市鼓山區 慶豐街１８號１樓
八方雲集高雄橋頭店,高雄市橋頭區 隆豐路２７１號１樓
八方雲集高雄鹽埕店,高雄市鹽埕區 大仁路１５５號
八方雲集鳥松仁美店,高雄市鳥松區 學堂路８７號
八方雲集鳥松文前店,高雄市鳥松區 文前路１８號
八方雲集湖內大湖店,高雄市湖內區 大湖里中山路一段１６０號
八方雲集湖內大湖店,高雄市湖內區 大湖里中山路一段１６０號
八方雲集新興大同店,高雄市新興區 大同一路１５６號１樓
八方雲集楠梓土庫店,高雄市楠梓區 土庫二路２７２號１樓
八方雲集楠梓益群店,高雄市楠梓區 益群路５號１樓
八方雲集楠梓高大店,高雄市楠梓區 大學二十六街１５號
八方雲集楠梓常德店,高雄市楠梓區 常德路３５０號１樓
八方雲集楠梓惠心店,高雄市楠梓區 惠心街９８號
八方雲集楠梓惠心店,高雄市楠梓區 惠心街９８號
八方雲集楠梓藍田店,高雄市楠梓區 藍田路８６７號１樓
八方雲集義大醫學店,高雄市燕巢區 義大路８號
八方雲集路竹國昌店,高雄市路竹區 延平路３４４號１樓
八方雲集路竹國昌店,高雄市路竹區 延平路３４４號１樓
八方雲集路竹智仁店,高雄市路竹區 大社路４０號
八方雲集鼎中店,高雄市三民區 鼎中路４０１之１號
八方雲集鼓山九如店,高雄市鼓山區 九如四路１０４２號
八方雲集－鼓山美術東店,高雄市鼓山區 美術東二路１０１號
八方雲集鼓山農十六店,高雄市鼓山區 裕誠路１６５９號
八方雲集鼓山農十六店,高雄市鼓山區 裕誠路１６５９號
八方雲集鼓山濱海店,高雄市鼓山區 濱海一路４９號１樓
八方雲集－鳳山中崙店,高雄市鳳山區 中崙路５７０號
八方雲集鳳山五甲店,高雄市鳳山區 五甲二路２４２號
八方雲集－鳳山文化店,高雄市鳳山區 文化西路６４號
八方雲集鳳山文衡店,高雄市鳳山區 文衡路４５２號
八方雲集鳳山光復店,高雄市鳳山區 光復路１段１５８號１樓
八方雲集鳳山南華店,高雄市鳳山區 南華一路２００號１樓
八方雲集－鳳山南華店,高雄市鳳山區 南華一路２００號１樓
八方雲集鳳山站前店,高雄市鳳山區 文衡路１號
八方雲集鳳山站前店,高雄市鳳山區 文華里０２０鄰文衡路１號
八方雲集－鳳山高鳳店,高雄市鳳山區 高鳳一路１２５號
八方雲集鳳山凱旋店,高雄市鳳山區 海洋里凱旋路２７１號
八方雲集鳳山博愛店,高雄市鳳山區 博愛路７１號１樓
八方雲集鳳山新強店,高雄市鳳山區 新強路１２２號
八方雲集鳳山新強店,高雄市鳳山區 新強路１２２號
八方雲集－鳳山經武店,高雄市鳳山區 經武路２５１號１樓
八方雲集－鳳山錦田店,高雄市鳳山區 五甲二路５７７號１樓
八方雲集－鳳山濱山店,高雄市鳳山區 濱山街４７號１樓
八方雲集燕巢中民店,高雄市燕巢區 中民路６９４號１樓
力笙博愛明誠停車場,高雄市鼓山區 明誠三路１號旁空地左側
力笙博愛明誠停車場,高雄市鼓山區 明誠三路１號旁空地左側
力笙博愛明誠第二停車場,高雄市鼓山區 明誠三路１號旁空地右側
力笙博愛明誠第二停車場,高雄市鼓山區 明誠三路１號旁空地右側
十九甲咖啡,高雄市小港區 青山街１２３巷１１號
十九甲舒肥嫩雞胸,高雄市苓雅區 建國一路１７５之１５號１樓
十八味－六合店,高雄市前金區 六合二路１０９－１號
十三巷手作壽司,高雄市三民區 天民路６６號１樓
十三巷手作壽司－英明店,高雄市苓雅區 英明路１７５號１樓
十月甜Ｏｃｔ。Ｓｗｅｅｔ波士頓派巨蛋門市,高雄市左營區 裕誠路４６７號１樓
十月甜波士頓派－高雄瑞隆門市,高雄市前鎮區 瑞崗里瑞隆路３３６號１樓
十月甜高雄鳳山門市,高雄市鳳山區 青年路二段３７９號１樓
三分春色　Ｘ　季洋咖啡,高雄市前金區 成功一路４３１號
三民家商停車場,高雄市左營區 裕誠路１１０２號
三商巧福　高雄長庚店４４８１,高雄市鳥松區 大埤路１２３號Ｂ１
三商巧福三多店,高雄市苓雅區 三多二路３１之１號
三商巧福小港店４４８６,高雄市小港區 漢民路３６９號及３７１號（後半段）
三商巧福中山店,高雄市新興區 中山一路２８１號
三商巧福五甲二店,高雄市鳳山區 林森路２９１號１樓（家樂福量販店）
三商巧福文橫店,高雄市新興區 文橫二路１７０號
三商巧福光華店,高雄市前鎮區 光華二路１５７號１樓（家樂福量販店）
三商巧福岡山店,高雄市岡山區 壽天路１２１號
三商巧福明誠店,高雄市左營區 明誠二路３５２號
三商巧福高福店,高雄市前鎮區 中華五路１１１１號（家樂福量販店）
三商巧福楠梓二店,高雄市楠梓區 土庫一路６０號
三商巧福楠梓三店,高雄市楠梓區 藍田路２８８號（家樂福量販店）
三商巧福楠梓店,高雄市楠梓區 建楠路１２６號
三商巧福鼎山店,高雄市三民區 大順二路８４９號（家樂福量販店）
三商巧福鳳大店,高雄市鳳山區 文化路５９號（大潤發量販店）
三商巧福鳳山店,高雄市鳳山區 中山路１２５號
三商巧福鳳褔店,高雄市鳳山區 中山西路２３６號２樓（家樂福量販店）
三商巧福廣州店,高雄市苓雅區 廣州一街１４１之２號
上好洗自助洗衣,高雄市鳳山區 北平路２１４號
丸龜家樂福成功店,高雄市前鎮區 中華五路１１１１號１Ｆ
丸龜家樂福楠梓店,高雄市楠梓區 藍田路２８８號
久微食作－華夏店,高雄市鼓山區 華夏路１８２號一樓
千香漢堡－左營重立店,高雄市左營區 重立路１４０號
口口二點零－國昌國中,高雄市楠梓區 德民路１０１０號
土雞下山,高雄市新興區 林森一路２２７號
大丸手作幸福便當,高雄市三民區 長明街１８６號
大仁停車場,高雄市鳥松區 大仁北路３２號（南側空地）
大勇停車場,高雄市鹽埕區 大勇路１號
大苑子－高雄後昌店,高雄市左營區 後昌路７２９號
大苑子－高雄瑞豐店,高雄市鼓山區 裕誠路１１７２號１Ｆ
大苑子－楠梓藍昌店,高雄市楠梓區 藍昌路３９８之１９號
大苑子－鳳山中山店,高雄市鳳山區 中山路１００號１樓
大茗本位製茶堂,高雄市左營區 至聖路３０２號
大茗本位製茶堂,高雄市鳳山區 青年路２段４９６號１Ｆ
大茗本位製茶堂,高雄市苓雅區 和平一路１４９號１Ｆ
大茗本位製茶堂,高雄市岡山區 壽天路８７號１Ｆ
大茗本位製茶堂,高雄市前金區 自強三路２２１號１Ｆ
大茗本位製茶堂,高雄市楠梓區 建楠路２０６號１Ｆ
大茗本位製茶堂－裕誠河堤店,高雄市三民區 裕誠路１２５號１樓
大術中正自強停車場,高雄市前金區 中正四路１７４號旁
大術中正自強停車場,高雄市前金區 中正四路１７４號旁
大術重治政德停車場,高雄市左營區 政德路４６８號旁
大瑟大學二十六街停車場,高雄市楠梓區 藍田中段１５９地號　（大學二十六街８２號旁）
大瑟大學二十六街停車場,高雄市楠梓區 藍田中段１５９地號　（大學二十六街８２號旁）
大瑟仁信仁春停車場,高雄市仁武區 仁信巷８０號空地
大瑟仁信仁春停車場,高雄市仁武區 仁信巷８０號空地
大瑟科技有限公司太原立信第二停車場,高雄市左營區 太原街８０巷９號旁
大瑟科技有限公司太原立信第二停車場　（ＥＣ）,高雄市左營區 太原街８０巷９號旁
大樂國際投資股份有限公司博旺停車場,高雄市苓雅區 林德官段１４５４、１４５４－１地號　（光華一路與五福一路
大樂國際投資股份有限公司博旺停車場　（ＥＣ）,高雄市苓雅區 林德官段１４５４、１４５４－１地號（光華一路與五福一路交
小仙島－高雄店,高雄市鼓山區 文忠路８號
小胖麵,高雄市林園區 林園里３０鄰福興街１６５號
小馬驛站停車場,高雄市左營區 福山段５９１－１地號（重信路６２３－２號旁）
小麥購物手作飲－經武店,高雄市鳳山區 經武路１５６號１樓
小跑豬２４Ｈ韓式自助拉麵－大寮店,高雄市大寮區 進學路１３０號
小跑豬２４Ｈ韓式自助拉麵－楠梓店,高雄市楠梓區 惠誠街６６號
小機堡停車場－橋南場,高雄市橋頭區 糖北路３－１號旁
干翠麻辣干鍋,高雄市三民區 孝順街３５２號１樓
中庄大昌立志停車場,高雄市三民區 大昌一路９８號對面
中庄大昌立志停車場,高雄市三民區 大昌一路９８號對面
中庄保靖富民停車場,高雄市左營區 保靖街４０號對面
中庄保靖富民停車場,高雄市左營區 保靖街４０號對面
中江茶飲料,高雄市新興區 忠孝一路２６５號１樓
中江茶飲料,高雄市新興區 忠孝一路２６５號１樓
中村文御手作,高雄市仁武區 鳳仁路２１－８號
之王咖哩,高雄市左營區 富國路１１１號
五花馬水餃館高雄明誠門市,高雄市三民區 明誠一路３９６，３９８號
仁倵五福瀨南停車場,高雄市鹽埕區 五福四路２０６號旁空地
仁倵五福瀨南停車場,高雄市鹽埕區 五福四路２０６號旁空地
元氣早午餐輕食－鳳山頂庄店,高雄市鳳山區 頂庄路２６６號１樓
六扇門時尚湯鍋－大寮鳳屏店,高雄市大寮區 鳳屏一路３８３號
六扇門時尚湯鍋－小港孔鳳店,高雄市小港區 孔鳳路５５７號
六扇門時尚湯鍋－仁武仁雄店,高雄市仁武區 仁雄路８０－５號
六扇門時尚湯鍋－左營勝利店,高雄市左營區 埤東里勝利路１３０之１號
六扇門時尚湯鍋－高雄十全店,高雄市三民區 十全一路１８９號１樓及２樓
六扇門時尚湯鍋－高雄林園店,高雄市林園區 東林西路３２８號
六扇門時尚湯鍋－高雄興楠店,高雄市楠梓區 興楠路８６號１樓
午七,高雄市楠梓區 外環西路５７號１樓
天主教聖功醫療財團法人聖功醫院,高雄市苓雅區 建國一路３５２號
太多串烤肉飯,高雄市楠梓區 軍校路８９６號
巴豆夭　林園店,高雄市林園區 沿海路三段１號
文強交通有限公司福容徠旅地下停車場,高雄市前金區 東金里永恆街３號Ｂ１Ｆ，Ｂ２Ｆ，Ｂ３Ｆ
方便麵,高雄市鳥松區 本館路３６－１８號
日十。早午餐前鎮店,高雄市左營區 文學路１８５號１樓
木木咖啡　ＭＵＭＵ　ＣＡＦＥ,高雄市苓雅區 海邊路１１０號（Ｄ２棟）
水巷茶弄－大寮鳳林店,高雄市大寮區 鳳林三路５６７號１樓
水巷茶弄－仁武八德店,高雄市仁武區 八德中路８３號
水巷茶弄－岡山岡燕店,高雄市岡山區 岡燕路２２５號
水巷茶弄林園東林西店,高雄市林園區 文賢里東林西路１９１號１樓
水巷茶弄高雄六合店,高雄市新興區 六合一路５７之２號
水巷茶弄－高雄苓雅店,高雄市苓雅區 苓雅二路８６號
水巷茶弄－高雄富國店,高雄市左營區 富國路３５９號
水巷茶弄－高雄惠民店,高雄市楠梓區 惠民路３４７號１樓
水巷茶弄－高雄華夏店,高雄市左營區 華夏路１１５７號１樓
水巷茶弄－高雄楠梓店,高雄市楠梓區 楠梓新路２１８號
水巷茶弄高雄瑞隆店,高雄市前鎮區 瑞隆路５９５號１樓
水巷茶弄高雄漢民店,高雄市小港區 漢民路６２８號１樓
水巷茶弄高雄熱河店,高雄市三民區 熱河一街３８４號１樓
水巷茶弄－路竹中正店,高雄市路竹區 中正路３２號
水巷茶弄－鳳山濱山店,高雄市鳳山區 濱山街４６號１樓
水深咖啡,高雄市鳳山區 國光路７號
主恩的麵線羹,高雄市新興區 信守街１３２號１樓
卡雞麻韓式炸雞,高雄市左營區 裕誠路２７５號１樓
古早亭－高雄三民熱河店,高雄市三民區 熱河一街３６２號
古早亭－富民店,高雄市左營區 富民路２９５號１Ｆ
可不可熟成紅茶＿岡山維仁店,高雄市岡山區 維仁路８５號
可不可熟成紅茶＿前鎮瑞隆店,高雄市前鎮區 瑞隆路３５２號
可不可熟成紅茶＿高雄大寮店,高雄市大寮區 鳳林三路４３２號
可不可熟成紅茶＿高雄仁武店,高雄市仁武區 永仁街４２６號１樓
可不可熟成紅茶＿高雄文化店,高雄市苓雅區 林泉街９４號１樓
可不可熟成紅茶＿高雄左大店,高雄市左營區 左營大路１４４號
可不可熟成紅茶＿高雄正興店,高雄市三民區 正興路２０９號１樓
可不可熟成紅茶＿高雄自立店,高雄市新興區 自立二路１１８號１樓
可不可熟成紅茶＿高雄林園店,高雄市林園區 文化街１９９號１樓
可不可熟成紅茶＿高雄橋頭店,高雄市橋頭區 隆豐路１８２號１樓
可不可熟成紅茶＿高雄覺民店,高雄市三民區 覺民路１８８號
可不可熟成紅茶＿楠梓德賢店,高雄市楠梓區 德賢路２１４號
可不可熟成紅茶＿楠梓藍昌店,高雄市楠梓區 藍昌路３９０號１樓
可不可熟成紅茶＿漢神自強店,高雄市前金區 自強三路２５４號１樓
可不可熟成紅茶＿鳳山五甲店,高雄市鳳山區 自強二路１１５號１樓
可不可熟成紅茶＿鳳山光遠店,高雄市鳳山區 光遠路２８０號１樓
可不可熟成紅茶－仁武仁雄店,高雄市仁武區 赤山里仁雄路８６之４２號１樓
可不可熟成紅茶－左營崇德店,高雄市左營區 崇德路２６９號１樓
可不可熟成紅茶－左營裕誠店,高雄市左營區 裕誠路２３９號１樓
可不可熟成紅茶－高雄大社店,高雄市大社區 中山路２１６之１號
可不可熟成紅茶－高雄西子灣店,高雄市鼓山區 臨海二路２０之３號１樓
可不可熟成紅茶－高雄新光店,高雄市苓雅區 三多三路２３２號１樓
可不可熟成紅茶－高雄瑞豐店,高雄市鼓山區 華榮路２１３號１樓
可不可熟成紅茶－高雄路竹店,高雄市路竹區 大社路３７之１號
可不可熟成紅茶－高雄鼎中店,高雄市三民區 鼎中路３８１號１樓
可不可熟成紅茶－高雄旗山店,高雄市旗山區 延平一路６５８號１樓
可不可熟成紅茶－高雄熱河店,高雄市三民區 達德里熱河一街３４３號１樓
可不可熟成紅茶－楠梓鳳楠店,高雄市楠梓區 鳳楠路２７０之１號
可可快剪－土庫店,高雄市楠梓區 土庫二路２６６號
台鋼漢堡王股份有限公司台鋼科大門市部,高雄市路竹區 中山路１８２１號（第三宿舍１樓）
台鋼漢堡王股份有限公司高雄小港門市部,高雄市小港區 漢民路２８７、２８７－１號
台鋼漢堡王股份有限公司高雄分公司,高雄市三民區 港西里建國三路１１號１、２樓
台鋼漢堡王股份有限公司高雄右昌門市部,高雄市楠梓區 興昌里右昌街４２１號
台鋼漢堡王股份有限公司高雄明誠分公司,高雄市左營區 明誠二路４３９號１、２樓
台鋼漢堡王股份有限公司高雄建工分公司,高雄市三民區 建工路４４１號１樓、４４３號１樓
台鋼漢堡王股份有限公司高雄楠梓門市部,高雄市楠梓區 惠楠里楠梓新路２２８號１樓
台鋼漢堡王股份有限公司高雄瑞隆門市部,高雄市前鎮區 瑞崗里瑞隆路３４２號１．２樓
台鋼漢堡王股份有限公司高雄鳳山門市部,高雄市鳳山區 縣口里光遠路２９５號１．２樓
台鋼漢堡王股份有限公司高雄澄清門市部,高雄市三民區 寶華里澄清路３３９號１樓
台灣麥當勞ＭＤＳＣ－０２５,高雄市新興區 五福二路２５８號
台灣麥當勞ＭＤＳＣ－０２８,高雄市左營區 左營大路８１號
台灣麥當勞ＭＤＳＣ－０４８,高雄市鳳山區 中山路１７９號
台灣麥當勞ＭＤＳＣ－０６６,高雄市三民區 十全一路１９７號
台灣麥當勞ＭＤＳＣ－１５３,高雄市楠梓區 軍校路７９６號１樓
台灣麥當勞ＭＤＳＣ－１８３,高雄市楠梓區 建楠路１６０號
台灣麥當勞ＭＤＳＣ－１９６,高雄市苓雅區 建國一路３０６號１樓
台灣麥當勞ＭＤＳＣ－１９８,高雄市小港區 沿海一路５７號
台灣麥當勞ＭＤＳＣ－２２１,高雄市鳥松區 中正路２５１號
台灣麥當勞ＭＤＳＣ－２５５,高雄市林園區 沿海路２段３００號
台灣麥當勞ＭＤＳＣ－２６４,高雄市楠梓區 後昌路１０９號１樓
台灣麥當勞ＭＤＳＣ－２６６,高雄市路竹區 中山路１１９９號
台灣麥當勞ＭＤＳＣ－２８９,高雄市前鎮區 瑞隆路４３２號１樓
台灣麥當勞ＭＤＳＣ－２９７,高雄市旗山區 中華路６３６號１樓
台灣麥當勞ＭＤＳＣ－３１６,高雄市岡山區 中山北路８９號
台灣麥當勞ＭＤＳＣ－３３１,高雄市三民區 天祥一路１５０號
台灣麥當勞ＭＤＳＣ－３４５,高雄市三民區 明誠二路５０號
台灣麥當勞ＭＤＳＣ－３６０,高雄市鼓山區 博愛二路３６３號
台灣麥當勞ＭＤＳＣ－３８３,高雄市鹽埕區 大勇路１２０號
台灣麥當勞ＭＤＳＣ－３９３,高雄市左營區 博愛三路２２５號
台灣麥當勞ＭＤＳＣ－３９８,高雄市三民區 建工路７３２號
台灣麥當勞ＭＤＳＣ－４０７,高雄市左營區 博愛二路２２６號
台灣麥當勞ＭＤＳＣ－４１９,高雄市三民區 澄清路５５０號
台灣麥當勞ＭＤＳＣ－４５８,高雄市左營區 民族一路１０２６號
台灣麥當勞ＭＤＳＣ－４６１,高雄市鳳山區 鳳頂路５０號
台灣麥當勞ＭＤＳＣ－４６５,高雄市三民區 建國三路１５號及１５之１號Ｂ１至４樓
台灣麥當勞ＭＤＳＣ－４８０,高雄市仁武區 鳳仁路９５之２５號
台灣麥當勞ＭＤＳＣ－４８１,高雄市岡山區 壽天路１２２之１及１２２之２號１至３樓
台灣麥當勞ＭＤＳＣ－４８２,高雄市橋頭區 成功南路２８１號
台灣麥當勞ＭＤＳＣ－４８４,高雄市鼓山區 美術東二路１５７及１５９號１至２樓
台灣麥當勞ＭＤＳＣ－５３４,高雄市楠梓區 宏昌里１３鄰後昌新路１１１號
台灣麥當勞ＭＤＳＣ－５４０,高雄市鳳山區 澄清路１２８號
台灣麥當勞ＭＤＳＣ－５４８,高雄市鼓山區 中華一路５３９號
台灣麥當勞ＭＤＳＣ－５６４,高雄市鳳山區 五甲二路５７９及５８１號
台灣麥當勞ＭＤＳＣ－５７４,高雄市左營區 博愛三路５３６號
台灣麥當勞ＭＯＰ－０２５,高雄市新興區 五福二路２５８號
台灣麥當勞ＭＯＰ－０２８,高雄市左營區 左營大路８１號
台灣麥當勞ＭＯＰ－０４８,高雄市鳳山區 中山路１７９號
台灣麥當勞ＭＯＰ－０６６,高雄市三民區 十全一路１９７號
台灣麥當勞ＭＯＰ－１２８,高雄市鳥松區 大埤路１２３號Ｂ１
台灣麥當勞ＭＯＰ－１５３,高雄市楠梓區 軍校路７９６號１樓
台灣麥當勞ＭＯＰ－１５５,高雄市三民區 河東路３５６號１樓
台灣麥當勞ＭＯＰ－１７３,高雄市三民區 陽明路６７號１樓
台灣麥當勞ＭＯＰ－１７６,高雄市三民區 九如一路７８０號
台灣麥當勞ＭＯＰ－１８３,高雄市楠梓區 建楠路１６０號
台灣麥當勞ＭＯＰ－１９６,高雄市苓雅區 建國一路３０６號１樓
台灣麥當勞ＭＯＰ－１９８,高雄市小港區 沿海一路５７號
台灣麥當勞ＭＯＰ－２１５,高雄市前鎮區 一心一路３７４號１樓
台灣麥當勞ＭＯＰ－２２１,高雄市鳥松區 中正路２５１號
台灣麥當勞ＭＯＰ－２５５,高雄市林園區 沿海路２段３００號
台灣麥當勞ＭＯＰ－２６４,高雄市楠梓區 後昌路１０９號１樓
台灣麥當勞ＭＯＰ－２６６,高雄市路竹區 中山路１１９９號
台灣麥當勞ＭＯＰ－２８３,高雄市大寮區 鳳林四路２３８號１、２樓
台灣麥當勞ＭＯＰ－２８９,高雄市前鎮區 瑞隆路４３２號１樓
台灣麥當勞ＭＯＰ－２９７,高雄市旗山區 中華路６３６號１樓
台灣麥當勞ＭＯＰ－３０６,高雄市鳳山區 光遠路２６２－１號１、２樓
台灣麥當勞ＭＯＰ－３１６,高雄市岡山區 中山北路８９號
台灣麥當勞ＭＯＰ－３３１,高雄市三民區 天祥一路１５０號
台灣麥當勞ＭＯＰ－３４５,高雄市三民區 明誠二路５０號
台灣麥當勞ＭＯＰ－３６０,高雄市鼓山區 博愛二路３６３號
台灣麥當勞ＭＯＰ－３７２,高雄市鳳山區 建國路三段２號
台灣麥當勞ＭＯＰ－３８３,高雄市鹽埕區 大勇路１２０號
台灣麥當勞ＭＯＰ－３９３,高雄市左營區 博愛三路２２５號
台灣麥當勞ＭＯＰ－３９５,高雄市前鎮區 中華五路７８９號地下一樓
台灣麥當勞ＭＯＰ－３９８,高雄市三民區 建工路７３２號
台灣麥當勞ＭＯＰ－４０１,高雄市左營區 博愛二路７７７號Ｂ１
台灣麥當勞ＭＯＰ－４０７,高雄市左營區 博愛二路２２６號
台灣麥當勞ＭＯＰ－４１６,高雄市大樹區 學城路１段１２號Ｃ棟３樓
台灣麥當勞ＭＯＰ－４１９,高雄市三民區 澄清路５５０號
台灣麥當勞ＭＯＰ－４５８,高雄市左營區 民族一路１０２６號
台灣麥當勞ＭＯＰ－４６１,高雄市鳳山區 鳳頂路５０號
台灣麥當勞ＭＯＰ－４６５,高雄市三民區 建國三路１５號及１５之１號Ｂ１至４樓
台灣麥當勞ＭＯＰ－４８０,高雄市仁武區 鳳仁路９５之２５號
台灣麥當勞ＭＯＰ－４８１,高雄市岡山區 壽天路１２２之１及１２２之２號１至３樓
台灣麥當勞ＭＯＰ－４８２,高雄市橋頭區 成功南路２８１號
台灣麥當勞ＭＯＰ－４８４,高雄市鼓山區 美術東二路１５７及１５９號１至２樓
台灣麥當勞ＭＯＰ－５３４,高雄市楠梓區 宏昌里１３鄰後昌新路１１１號
台灣麥當勞ＭＯＰ－５４０,高雄市鳳山區 澄清路１２８號
台灣麥當勞ＭＯＰ－５４８,高雄市鼓山區 中華一路５３９號
台灣麥當勞ＭＯＰ－５６４,高雄市鳳山區 五甲二路５７９及５８１號
台灣麥當勞ＭＯＰ－５７４,高雄市左營區 博愛三路５３６號
台灣麥當勞ＭＯＰ－５９６,高雄市楠梓區 德中路６６６號
台灣麥當勞ＳＯＫ　－　０４８,高雄市鳳山區 中山路１７９號
台灣麥當勞ＳＯＫ　－　２９７,高雄市旗山區 中華路６３６號１樓至２樓
台灣麥當勞ＳＯＫ　－　３９８,高雄市三民區 建工路７３２號
台灣麥當勞ＳＯＫ　－　４０７,高雄市左營區 博愛二路２２６號
台灣麥當勞ＳＯＫ　－　４８４,高雄市鼓山區 美術東二路１５７及１５９號１至２樓
台灣麥當勞ＳＯＫ　－　５４０,高雄市鳳山區 澄清路１２８號
台灣麥當勞ＳＯＫ－０２５,高雄市新興區 五福二路２５８號１至４樓
台灣麥當勞ＳＯＫ－０２８,高雄市左營區 左營大路８１號１、２樓
台灣麥當勞ＳＯＫ－０６６,高雄市三民區 十全一路１９７號
台灣麥當勞ＳＯＫ－１２８,高雄市鳥松區 大埤路１２３號Ｂ１
台灣麥當勞ＳＯＫ－１５３,高雄市楠梓區 軍校路７９６號１樓
台灣麥當勞ＳＯＫ－１７３,高雄市三民區 陽明路６７號１樓
台灣麥當勞ＳＯＫ－１７６,高雄市三民區 九如一路７８０號
台灣麥當勞ＳＯＫ－１８３,高雄市楠梓區 建楠路１６０號
台灣麥當勞ＳＯＫ－１９８,高雄市小港區 沿海一路５７號
台灣麥當勞ＳＯＫ－２１５,高雄市前鎮區 一心一路３７４號１樓
台灣麥當勞ＳＯＫ－２５５,高雄市林園區 沿海路２段３００號
台灣麥當勞ＳＯＫ－２６４,高雄市楠梓區 後昌路１０９號１樓
台灣麥當勞ＳＯＫ－２６６,高雄市路竹區 中山路１１９９號
台灣麥當勞ＳＯＫ－２８９,高雄市前鎮區 瑞隆路４３２號１樓
台灣麥當勞ＳＯＫ－３１６,高雄市岡山區 中山北路８９號
台灣麥當勞ＳＯＫ－３３１,高雄市三民區 天祥一路１５０號
台灣麥當勞ＳＯＫ－３４５,高雄市三民區 明誠二路５０號
台灣麥當勞ＳＯＫ－３６０,高雄市鼓山區 博愛二路３６３號
台灣麥當勞ＳＯＫ－３９３,高雄市左營區 博愛三路２２５號
台灣麥當勞ＳＯＫ－３９５,高雄市前鎮區 中華五路７８９號Ｂ１
台灣麥當勞ＳＯＫ－４１６,高雄市大樹區 學城路１段１２號Ｃ棟３樓
台灣麥當勞ＳＯＫ－４１９,高雄市三民區 澄清路５５０號
台灣麥當勞ＳＯＫ－４５８,高雄市左營區 民族一路１０２６號
台灣麥當勞ＳＯＫ－４６１,高雄市鳳山區 鳳頂路５０號
台灣麥當勞ＳＯＫ－４６５,高雄市三民區 建國三路１５號及１５之１號Ｂ１至４樓
台灣麥當勞ＳＯＫ－４８０,高雄市仁武區 鳳仁路９５之２５號
台灣麥當勞ＳＯＫ－４８１,高雄市岡山區 壽天路１２２之１及１２２之２號１至３樓
台灣麥當勞ＳＯＫ－４８２,高雄市橋頭區 成功南路２８１號
台灣麥當勞ＳＯＫ－５３４,高雄市楠梓區 宏昌里１３鄰後昌新路１１１號
台灣麥當勞ＳＯＫ－５４８,高雄市鼓山區 中華一路５３９號
台灣麥當勞ＳＯＫ－５６４,高雄市鳳山區 五甲二路５７９及５８１號
台灣麥當勞ＳＯＫ－５７４,高雄市左營區 博愛三路５３６號
台灣麥當勞ＳＯＫ－５９６,高雄市楠梓區 德中路６６６號
台灣麥當勞餐廳　－　５４０,高雄市鳳山區 澄清路１２８號
台灣麥當勞餐廳　－　５６４,高雄市鳳山區 五甲二路５７９及５８１號
台灣麥當勞餐廳－０２５,高雄市新興區 五福二路２５８號
台灣麥當勞餐廳－０２８,高雄市左營區 左營大路８１號
台灣麥當勞餐廳－０４８,高雄市鳳山區 中山路１７９號
台灣麥當勞餐廳－０６６,高雄市三民區 十全一路１９７號
台灣麥當勞餐廳－１２８,高雄市鳥松區 大埤路１２３號Ｂ１
台灣麥當勞餐廳－１５３,高雄市楠梓區 軍校路７９６號１樓
台灣麥當勞餐廳－１５５,高雄市前金區 河東路３５６號１樓
台灣麥當勞餐廳－１７３,高雄市三民區 陽明路６７號１樓
台灣麥當勞餐廳－１７６,高雄市三民區 九如一路７８０號
台灣麥當勞餐廳－１８３,高雄市楠梓區 建楠路１６０號
台灣麥當勞餐廳－１９６,高雄市苓雅區 建國一路３０６號１樓
台灣麥當勞餐廳－１９６,高雄市苓雅區 建國一路３０６號
台灣麥當勞餐廳－１９６（ＳＯＫ）,高雄市苓雅區 建國一路３０６號
台灣麥當勞餐廳－１９８,高雄市小港區 沿海一路５７號
台灣麥當勞餐廳－２１５,高雄市前鎮區 一心一路３７４號１樓
台灣麥當勞餐廳－２２１,高雄市鳥松區 中正路２５１號
台灣麥當勞餐廳－２２１,高雄市鳥松區 中正路２５１號
台灣麥當勞餐廳－２２１（ＳＯＫ）,高雄市鳥松區 中正路２５１號
台灣麥當勞餐廳－２５５,高雄市林園區 沿海路２段３００號
台灣麥當勞餐廳－２６４,高雄市楠梓區 後昌路１０９號１樓
台灣麥當勞餐廳－２６６,高雄市路竹區 中山路１１９９號
台灣麥當勞餐廳－２８３,高雄市大寮區 鳳林四路２３８號１、２樓
台灣麥當勞餐廳－２８９,高雄市前鎮區 瑞隆路４３２號１樓
台灣麥當勞餐廳－２９７,高雄市旗山區 中華路６３６號１樓
台灣麥當勞餐廳－３０６,高雄市鳳山區 光遠路２６２之１號１、２樓
台灣麥當勞餐廳－３１６,高雄市岡山區 中山北路８９號
台灣麥當勞餐廳－３３１,高雄市三民區 天祥一路１５０號
台灣麥當勞餐廳－３４５,高雄市三民區 明誠二路５０號
台灣麥當勞餐廳－３６０,高雄市鼓山區 博愛二路３６３號
台灣麥當勞餐廳－３７２,高雄市鳳山區 建國路３段２號
台灣麥當勞餐廳－３７２（ｓｏｋ）,高雄市鳳山區 建國路３段２號
台灣麥當勞餐廳－３８３,高雄市鹽埕區 大勇路１２０號
台灣麥當勞餐廳－３８３,高雄市鹽埕區 大勇路１２０號
台灣麥當勞餐廳－３８３,高雄市鹽埕區 大勇路１２０號
台灣麥當勞餐廳－３９３,高雄市左營區 博愛三路２２５號
台灣麥當勞餐廳－３９５,高雄市前鎮區 中華五路７８９號地下一樓
台灣麥當勞餐廳－３９８,高雄市三民區 建工路７３２號
台灣麥當勞餐廳－４０１,高雄市左營區 博愛二路７７７號Ｂ１
台灣麥當勞餐廳－４０７,高雄市左營區 博愛二路２２６號
台灣麥當勞餐廳－４１６,高雄市大樹區 學城路１段１２號Ｃ棟３樓
台灣麥當勞餐廳－４１９,高雄市三民區 澄清路５５０號
台灣麥當勞餐廳－４２１,高雄市左營區 高鐵路１１５號３樓
台灣麥當勞餐廳－４５８,高雄市左營區 民族一路１０２６號
台灣麥當勞餐廳－４６１,高雄市鳳山區 鳳頂路５０號
台灣麥當勞餐廳－４６５,高雄市三民區 建國三路１５號及１５之１號Ｂ１至４樓
台灣麥當勞餐廳－４８０,高雄市仁武區 鳳仁路９５之２５號
台灣麥當勞餐廳－４８１,高雄市岡山區 壽天路１２２之１及１２２之２號１至３樓
台灣麥當勞餐廳－４８２,高雄市橋頭區 成功南路２８１號
台灣麥當勞餐廳－４８４,高雄市鼓山區 美術東二路１５７及１５９號１至２樓
台灣麥當勞餐廳－５３４,高雄市楠梓區 宏昌里１３鄰後昌新路１１１號
台灣麥當勞餐廳－５４８,高雄市鼓山區 中華一路５３９號
台灣麥當勞餐廳－５７４,高雄市左營區 博愛三路５３６號
台灣麥當勞餐廳－５９６,高雄市楠梓區 德中路６６６號
台灣麥當勞餐廳－６０８,高雄市苓雅區 五福一路４０號
台灣麥當勞餐廳ＭＤＳＣ－６０８,高雄市苓雅區 五福一路４０號
台灣麥當勞餐廳ＭＯＰ－６０８,高雄市苓雅區 五福一路４０號
台灣麥當勞餐廳ＳＯＫ－２８３,高雄市大寮區 鳳林四路２３８號１、２樓
台灣麥當勞餐廳ＳＯＫ－３０６,高雄市鳳山區 光遠路２６２之１號１、２樓
台灣麥當勞餐廳ＳＯＫ－６０８,高雄市苓雅區 五福一路４０號
台灣麥當勞歡樂送　－　５４０,高雄市鳳山區 澄清路１２８號
台灣麥當勞歡樂送　－　５４８,高雄市鼓山區 中華一路５３９號
台灣麥當勞歡樂送－０２５,高雄市新興區 五福二路２５８號１至４樓
台灣麥當勞歡樂送－０２８,高雄市左營區 左營大路８１號
台灣麥當勞歡樂送－０４８,高雄市鳳山區 中山路１７９號
台灣麥當勞歡樂送－０６６,高雄市三民區 十全一路１９７號１至３樓
台灣麥當勞歡樂送－１５３,高雄市楠梓區 軍校路７９６號１樓
台灣麥當勞歡樂送－１８３,高雄市楠梓區 建楠路１６０號
台灣麥當勞歡樂送－１９８,高雄市小港區 沿海一路５７號
台灣麥當勞歡樂送－２５５,高雄市林園區 沿海路２段３００號
台灣麥當勞歡樂送－２６４,高雄市楠梓區 後昌路１０９號１樓
台灣麥當勞歡樂送－２６６,高雄市路竹區 中山路１１９９號１樓
台灣麥當勞歡樂送－２８９,高雄市前鎮區 瑞隆路４３２號１樓
台灣麥當勞歡樂送－２９７,高雄市旗山區 中華路６３６號１、２樓
台灣麥當勞歡樂送－３１６,高雄市岡山區 中山北路８９號
台灣麥當勞歡樂送－３３１,高雄市三民區 天祥一路１５０號
台灣麥當勞歡樂送－３４５,高雄市三民區 明誠二路５０號
台灣麥當勞歡樂送－３６０,高雄市鼓山區 博愛二路３６３號
台灣麥當勞歡樂送－３９３,高雄市左營區 博愛三路２２５號
台灣麥當勞歡樂送－３９８,高雄市三民區 建工路７３２號
台灣麥當勞歡樂送－４０７,高雄市左營區 博愛二路２２６號
台灣麥當勞歡樂送－４１９,高雄市三民區 澄清路５５０號
台灣麥當勞歡樂送－４５８,高雄市左營區 民族一路１０２６號
台灣麥當勞歡樂送－４６１,高雄市鳳山區 鳳頂路５０號
台灣麥當勞歡樂送－４６５,高雄市三民區 建國三路１５、１５之１號
台灣麥當勞歡樂送－４８０,高雄市仁武區 鳳仁路９５之２５號
台灣麥當勞歡樂送－４８１,高雄市岡山區 壽天路１２２之１、１２２之２號１至３樓
台灣麥當勞歡樂送－４８２,高雄市橋頭區 成功南路２８１號
台灣麥當勞歡樂送－４８４,高雄市鼓山區 美術東二路１５７、１５９號
台灣麥當勞歡樂送－５３４,高雄市楠梓區 宏昌里１３鄰後昌新路１１１號
台灣麥當勞歡樂送－５６４,高雄市鳳山區 五甲二路５７９、５８１號
台灣普客二四股份有限公司ＵＮＩＱＬＯ高雄楠梓店停車,高雄市楠梓區 援中路５８６號
台灣普客二四股份有限公司全聯高雄小港松園店停車場,高雄市小港區 松園二路１號旁
台灣普客二四股份有限公司全聯高雄仁武水管店停車場,高雄市仁武區 水管路三段２、６、８、１０號停車場
台灣普客二四股份有限公司全聯高雄岡山平和店停車場,高雄市岡山區 平和路１７號旁
台灣普客二四股份有限公司全聯高雄林園三店停車場,高雄市林園區 林園北路４９５巷１號旁
台灣普客二四股份有限公司全聯高雄前鎮廣東三店停車場,高雄市前鎮區 廣東三街１１０號旁
台灣普客二四股份有限公司全聯高雄新興中正三店停車場,高雄市新興區 中正三路１０１號
台灣普客二四股份有限公司全聯高雄瑞祥店停車場,高雄市前鎮區 崗山西街２０６號
台灣普客二四股份有限公司長宏大順停車場,高雄市苓雅區 大順三路１６２巷５號對面
台灣普客二四股份有限公司高雄七賢成功停車場,高雄市前金區 七賢二路３１４號西側空地
台灣普客二四股份有限公司高雄八德洛陽停車場,高雄市新興區 八德一路與洛陽街交叉口
台灣普客二四股份有限公司高雄大同瑞源停車場,高雄市前金區 瑞源路５號旁
台灣普客二四股份有限公司高雄大昌二路停車場,高雄市三民區 大昌二路４２０巷７號旁
台灣普客二四股份有限公司高雄大裕大豐停車場,高雄市三民區 大裕路２００號旁
台灣普客二四股份有限公司高雄大學二十街停車場,高雄市楠梓區 藍田西段１４３地號（高雄市楠梓區大學二十街３２號附近）
台灣普客二四股份有限公司高雄大興大裕停車場,高雄市三民區 大興街與大裕路交叉口
台灣普客二四股份有限公司高雄大豐一路停車場,高雄市三民區 大豐一路７２號旁
台灣普客二四股份有限公司高雄中山二路停車場,高雄市前鎮區 中山二路１３號旁
台灣普客二四股份有限公司高雄中正一路停車場,高雄市苓雅區 中正一路２７７號旁
台灣普客二四股份有限公司高雄中正民族停車場,高雄市新興區 中正二路２５２號旁
台灣普客二四股份有限公司高雄中正自立停車場,高雄市新興區 中正四路６２號旁
台灣普客二四股份有限公司高雄仁武仁忠路停車場,高雄市仁武區 仁忠路５７號旁停車場
台灣普客二四股份有限公司高雄仁武文教街停車場,高雄市仁武區 文教街１８０號旁
台灣普客二四股份有限公司高雄仁武霞海南三街停車場,高雄市仁武區 霞海南三街１６號旁
台灣普客二四股份有限公司高雄仁德街停車場,高雄市苓雅區 仁德街１４４之５號旁
台灣普客二四股份有限公司高雄仁德街第２停車場,高雄市前金區 仁德街２１０號旁
台灣普客二四股份有限公司高雄天祥一路停車場,高雄市三民區 天祥一路１４８號旁
台灣普客二四股份有限公司高雄文才街停車場,高雄市左營區 文才街２９６號旁
台灣普客二四股份有限公司高雄文天路停車場,高雄市左營區 重義路１１號旁
台灣普客二四股份有限公司高雄文守路停車場,高雄市左營區 文守路６５號旁
台灣普客二四股份有限公司高雄文自路第２停車場,高雄市左營區 文自路８７號旁
台灣普客二四股份有限公司高雄文育路停車場,高雄市左營區 文育路３２號旁
台灣普客二四股份有限公司高雄文府重和停車場,高雄市左營區 文府路７６號旁
台灣普客二四股份有限公司高雄文康至真停車場,高雄市左營區 文康路１６號旁
台灣普客二四股份有限公司高雄文強崇德停車場,高雄市左營區 文強路與崇德路交叉口
台灣普客二四股份有限公司高雄文萊路停車場,高雄市左營區 文萊路３９１號對面
台灣普客二四股份有限公司高雄文樂街停車場,高雄市三民區 本揚里文樂街１２６號旁
台灣普客二四股份有限公司高雄文學路停車場,高雄市左營區 文學路６６０號旁
台灣普客二四股份有限公司高雄文濱路停車場,高雄市三民區 文濱路７０號旁
台灣普客二四股份有限公司高雄文麗至真停車場,高雄市左營區 文麗街３１號旁
台灣普客二四股份有限公司高雄北安街停車場,高雄市三民區 北安街２０號旁停車場
台灣普客二四股份有限公司高雄巨蛋前第２停車場,高雄市左營區 新榮街１５１號旁
台灣普客二四股份有限公司高雄正忠春陽停車場,高雄市三民區 正忠路與春陽街交叉口停車場
台灣普客二四股份有限公司高雄民主橫路第３停車場,高雄市新興區 民主橫路５６號旁
台灣普客二四股份有限公司高雄民生中華停車場,高雄市前金區 民生二路與光復三街４巷交叉口
台灣普客二四股份有限公司高雄民權二路停車場,高雄市前鎮區 民權二路５８７號旁停車場
台灣普客二四股份有限公司高雄立中路第２停車場,高雄市左營區 立中路７６巷６０號旁
台灣普客二四股份有限公司高雄立信路停車場,高雄市左營區 立信路１３２巷７號旁
台灣普客二四股份有限公司高雄光武淵源停車場,高雄市三民區 光武路與淵源街交叉口
台灣普客二四股份有限公司高雄光復一街停車場,高雄市前金區 光復一街２１號旁
台灣普客二四股份有限公司高雄光復三街停車場,高雄市前金區 光復三街１０號旁
台灣普客二四股份有限公司高雄安吉富國停車場,高雄市左營區 安吉街９０號旁
台灣普客二四股份有限公司高雄至真路停車場,高雄市左營區 至真路１５３號旁空地
台灣普客二四股份有限公司高雄至聖路停車場,高雄市鼓山區 博愛二路９９號旁
台灣普客二四股份有限公司高雄克武路停車場,高雄市三民區 克武路２６５號旁
台灣普客二四股份有限公司高雄育英街停車場,高雄市三民區 育英街１６號旁
台灣普客二四股份有限公司高雄車站前停車場,高雄市三民區 安寧街與站西路交叉口
台灣普客二四股份有限公司高雄岡山捷安路商場停車場,高雄市岡山區 捷安路２７號附設停車場
台灣普客二四股份有限公司高雄延吉街停車場,高雄市三民區 延吉街７５號旁停車場
台灣普客二四股份有限公司高雄旺耀商場停車場,高雄市三民區 澄清路４４２號
台灣普客二四股份有限公司高雄昇平街停車場,高雄市苓雅區 田西里昇平街７６號對面
台灣普客二四股份有限公司高雄昌盛路第２停車場,高雄市鼓山區 昌盛路３５號旁
台灣普客二四股份有限公司高雄松江同盟停車場,高雄市三民區 松江街４２６號對面
台灣普客二四股份有限公司高雄松江朝陽停車場,高雄市三民區 松江街１０６號旁
台灣普客二四股份有限公司高雄林森六合停車場,高雄市新興區 林森一路２２７號旁
台灣普客二四股份有限公司高雄長生文武停車場,高雄市前金區 長生街６號旁
台灣普客二四股份有限公司高雄青年二路停車場,高雄市前金區 青年二路９８號旁
台灣普客二四股份有限公司高雄南屏路停車場,高雄市左營區 南屏路２６３巷５８號附近
台灣普客二四股份有限公司高雄南屏路第４停車場,高雄市左營區 南屏路２６３巷２７號對面
台灣普客二四股份有限公司高雄南華橫二路第２停車場,高雄市新興區 南華橫二路１２３號旁停車場
台灣普客二四股份有限公司高雄哈爾濱宣化停車場,高雄市三民區 哈爾濱街與宣化街交叉口
台灣普客二四股份有限公司高雄城西街停車場,高雄市苓雅區 城西街及永興街交叉口
台灣普客二四股份有限公司高雄美術東四路【月租】停車,高雄市鼓山區 美術東四路４１３號旁
台灣普客二四股份有限公司高雄重立孟子停車場,高雄市左營區 重立路與孟子路交叉口
台灣普客二四股份有限公司高雄重忠華夏停車場,高雄市左營區 重忠路與華夏路交叉口
台灣普客二四股份有限公司高雄重美街停車場,高雄市左營區 重美街與重忠路３８巷交叉口
台灣普客二四股份有限公司高雄桂田街停車場,高雄市小港區 桂田街２３６號旁
台灣普客二四股份有限公司高雄桂陽路停車場,高雄市小港區 桂陽路１５６號旁
台灣普客二四股份有限公司高雄堅如路停車場,高雄市三民區 堅如路５５號旁
台灣普客二四股份有限公司高雄崇文宏平停車場,高雄市小港區 崇文路１０１對面
台灣普客二四股份有限公司高雄崇德路停車場,高雄市左營區 崇德路１００號旁
台灣普客二四股份有限公司高雄康莊路停車場,高雄市小港區 康莊路４０號旁
台灣普客二四股份有限公司高雄鳥松本館路停車場,高雄市鳥松區 本館路２３５號旁停車場
台灣普客二四股份有限公司高雄博愛大順停車場,高雄市鼓山區 博愛一路４９５巷口
台灣普客二四股份有限公司高雄善和街停車場,高雄市鳳山區 善和街與保泰路３７０巷交叉口
台灣普客二四股份有限公司高雄復興新田停車場,高雄市新興區 新田路１號旁
台灣普客二四股份有限公司高雄華山路停車場,高雄市小港區 華山路與華山路２００巷交叉口停車場
台灣普客二四股份有限公司高雄廈莊五街停車場,高雄市小港區 廈莊五街６９號斜對面
台灣普客二四股份有限公司高雄廈莊五街第２停車場,高雄市小港區 廈莊五街７９號對面
台灣普客二四股份有限公司高雄新正南屏停車場,高雄市左營區 南屏路２６３巷３９號對面
台灣普客二四股份有限公司高雄新正路停車場,高雄市左營區 新正路與南屏路２９３巷交叉口
台灣普客二四股份有限公司高雄新田路停車場,高雄市新興區 新田路１９７巷６４號對面
台灣普客二四股份有限公司高雄新庄博愛停車場,高雄市左營區 新庄仔路１７９之６號後方空地
台灣普客二四股份有限公司高雄新昌街停車場,高雄市小港區 孔鳳路５７９號斜對面
台灣普客二四股份有限公司高雄新盛一街停車場,高雄市前金區 瑞源路１２３巷３４號對面
台灣普客二四股份有限公司高雄新疆九如停車場,高雄市鼓山區 新疆路７６號旁
台灣普客二四股份有限公司高雄楠梓新昌街停車場,高雄市楠梓區 新昌街與後昌路７１８巷交叉口
台灣普客二四股份有限公司高雄群英街停車場,高雄市左營區 群英街３５號旁（左營區新庄段四小段９３１、９３２－１、９
台灣普客二四股份有限公司高雄義和義華停車場,高雄市三民區 義和路與義華路交叉口
台灣普客二四股份有限公司高雄鼎中路停車場,高雄市三民區 鼎中路７６２巷１０１號對面
台灣普客二四股份有限公司高雄鼎泰街停車場,高雄市三民區 鼎泰街１９６號旁停車場
台灣普客二四股份有限公司高雄鼎新路停車場,高雄市三民區 鼎新路３７號旁
台灣普客二四股份有限公司高雄榮德榮光停車場,高雄市左營區 民族一路１０４０之２９號旁
台灣普客二四股份有限公司高雄福建四維停車場,高雄市苓雅區 福建街與四維二路交叉口
台灣普客二四股份有限公司高雄鳳山中山澄清停車場,高雄市鳳山區 中山西路與澄清路口
台灣普客二四股份有限公司高雄鳳山中正路停車場,高雄市鳳山區 中正路１３８號旁空地
台灣普客二四股份有限公司高雄鳳山五甲二路停車場,高雄市鳳山區 五甲二路２１９號旁停車場
台灣普客二四股份有限公司高雄鳳山五甲五福停車場,高雄市鳳山區 五福二路２號對面
台灣普客二四股份有限公司高雄鳳山文鳳文濱停車場,高雄市鳳山區 文鳳路５９號旁
台灣普客二四股份有限公司高雄鳳山復華復興停車場,高雄市鳳山區 復華街４號旁
台灣普客二四股份有限公司高雄鳳山過雄過勇停車場,高雄市鳳山區 過雄街８０號旁
台灣普客二四股份有限公司高雄澄清路停車場,高雄市三民區 澄清路６３８號旁
台灣普客二四股份有限公司高雄澄清路第２停車場,高雄市三民區 澄清路３３９號（澄清路３４７號旁）
台灣普客二四股份有限公司高雄褒揚街停車場,高雄市三民區 褒揚街２００號旁
台灣普客二四股份有限公司高雄錦田路停車場,高雄市新興區 錦田路３８號旁
台灣普客二四股份有限公司高雄錦田路第３停車場,高雄市新興區 錦田路３４號旁
台灣普客二四股份有限公司高雄寶興路第２停車場,高雄市三民區 寶興路２８號旁
台灣普客二四股份有限公司優衣庫高雄九如路店停車場,高雄市三民區 九如一路６００號
台灣普客二四股份有限公司燦坤高雄五甲店停車場,高雄市鳳山區 五甲二路２１９號附設停車場
台灣普客二四股份有限公司燦坤高雄澄清文山店停車場,高雄市三民區 澄清路７０８號旁
台灣普客二四股份有限公司藏壽司高雄林園沿海路店停車,高雄市林園區 沿海路二段１５８號旁
台灣普客二四股份有限公司藏壽司高雄時代大道店停車場,高雄市前鎮區 中山三路１１號附設停車場
奶奶不甜,高雄市鳳山區 八德路２６７號１樓
奶奶不甜,高雄市鳳山區 八德路２６７號１樓
弘爺漢堡,高雄市鼓山區 西藏街２６７號１Ｆ
弘爺漢堡－三山店,高雄市楠梓區 三山街２５９號
弘爺漢堡－左營崇德店,高雄市左營區 崇德路８巷１３號１樓
弘爺漢堡－政德店,高雄市左營區 政德路６４７號１樓
必勝客－大寮八德店ＤＢ,高雄市大寮區 八德路１７號
必勝客－岡山公園店ＧＫ,高雄市岡山區 公園西路三段５２號
必勝客－美術中華店ＺＨ,高雄市鼓山區 中華一路２３７號
必勝客－高雄九如店ＧＲ,高雄市鼓山區 九如四路６４４號
必勝客－高雄十全店ＣＫ,高雄市三民區 十全一路３７１號１樓
必勝客－高雄三多店ＤＯ,高雄市苓雅區 三多三路２１４－５號
必勝客－高雄大社店ＢＳ,高雄市大社區 中山路２２７號
必勝客－高雄大寮店ＦＡ,高雄市大寮區 中興里鳳林四路２８６號
必勝客－高雄小港店ＨＫ,高雄市小港區 漢民路２７４號１樓
必勝客－高雄中華店ＺＷ,高雄市前金區 中華三路１２８號
必勝客－高雄五甲店ＦＪ,高雄市鳳山區 五甲三路６５號
必勝客－高雄仁武店ＲＭ,高雄市仁武區 仁雄路３７－１６號
必勝客－高雄孔鳳店ＫＯ,高雄市小港區 孔鳳路３８１號
必勝客－高雄文化店ＵＨ,高雄市苓雅區 廣州一街１４５－３號
必勝客－高雄左營店ＴＳ,高雄市左營區 左營大路８之４號１樓
必勝客－高雄自由店ＺＹ,高雄市左營區 自由二路４６９號１樓
必勝客－高雄岡山店ＫＳ,高雄市岡山區 岡山路２０５號１樓
必勝客－高雄林園店ＬＹ,高雄市林園區 林園北路３２２號
必勝客－高雄武廟店ＷＭ,高雄市苓雅區 武廟路１１８號
必勝客－高雄建工店ＪＫ,高雄市三民區 建工路４９４號
必勝客－高雄建楠店ＮＪ,高雄市楠梓區 建楠路１８４號
必勝客－高雄茄萣店ＱＤ,高雄市茄萣區 濱海路四段７號
必勝客－高雄崇德店ＺＣ,高雄市左營區 崇德路４０７號
必勝客－高雄楠梓店ＮＺ,高雄市楠梓區 後昌路６１４號１樓
必勝客－高雄瑞隆店ＲＬ,高雄市前鎮區 瑞隆路５３５號１樓
必勝客－高雄路竹店ＬＪ,高雄市路竹區 中山路５４０號
必勝客－高雄旗山店ＫＱ,高雄市旗山區 延平一路６４３號
必勝客－高雄榮總店ＲＺ,高雄市左營區 大中一路５０２號１樓
必勝客－高雄鳳山店ＦＳ,高雄市鳳山區 立志街１１０號
必勝客－高雄橋頭店ＣＢ,高雄市橋頭區 白樹路４１號
必勝客－高雄覺民店ＪＭ,高雄市三民區 覺民路２２８號
必勝客－高雄鹽埕店ＵＣ,高雄市鹽埕區 五福四路１８０－１號１樓
必勝客－楠梓瑞屏店ＮＲ,高雄市楠梓區 瑞屏路９４號
必勝客－鳳山建國店ＮＳ,高雄市鳳山區 建國路２段２４０號１樓
打勾勾,高雄市三民區 六合路１７號１、２樓
永安烏樹林營業所（Ａ０４９４０１＿永安烏樹林）,高雄市永安區 永安路一巷（永安宮廣場隔壁）停車場
永固永靖停車場,高雄市苓雅區 林德官段一小段３１１７地號（學源街旁空地）
永悅路徑,高雄市左營區 重清路３０號１樓
永銨八德京吉停車場,高雄市仁武區 八德東路４１號對面
永銨八德京吉停車場,高雄市仁武區 八德東路４１號對面
玉上柴炸物刺身丼,高雄市新興區 信守街１０２號１樓
甘乃滴　小港店,高雄市小港區 孔鳳路３７６號１樓
甘甘好－高雄瑞豐夜市,高雄市鼓山區 裕誠路１１２８號（瑞豐夜市）
甘泉魚麵－重愛店,高雄市左營區 重愛路３０６號
甘泉魚麵－澄清店,高雄市三民區 澄和路２之１號１樓
白襪子麻辣嘴,高雄市楠梓區 藍昌路４８７號１Ｆ
兆信智能自販機,高雄市林園區 北汕二路５０巷１６弄１號
先喝道－左營高鐵店,高雄市左營區 重信路５９８號１樓
先喝道－岡山站前店,高雄市岡山區 民有路５４號１樓
先喝道－苓雅自強店,高雄市苓雅區 自強三路１８４號１Ｆ
先喝道－高雄大昌店,高雄市三民區 大昌二路４９０號１樓
先喝道－高雄復興店,高雄市新興區 復興一路７０之６號
先喝道－高雄瑞隆店,高雄市前鎮區 瑞隆路５１４號
先喝道－楠梓後昌店,高雄市楠梓區 後昌路７６０號
全之駐停車場－中正運動停車場（ＥＣ）,高雄市苓雅區 三多一路與體育場路口
全之駐停車場－四維羽球館北側停車場,高雄市苓雅區 四維一路與輔仁路口
全之駐停車場－四維羽球館北側停車場　（ＥＣ）,高雄市苓雅區 四維一路與輔仁路口
全之駐停車場－鳥松停車場　（ＥＣ）,高雄市鳥松區 華美里華山路與華山二街交叉口東北側基地
全之駐停車場－楠梓停車場　（ＥＣ）,高雄市楠梓區 惠民段４２地號部分土地
全之駐停車場－德昌街９４巷停車場,高雄市前鎮區 德昌街９４巷與德昌街８巷交叉口
全之駐停車場－德昌街９４巷停車場　（ＥＣ）,高雄市前鎮區 德昌街９４巷與德昌街８巷交叉口
全能網中正和平停車場,高雄市苓雅區 中正二路６６號旁
全能網中正和平停車場,高雄市苓雅區 中正二路６６號旁
全能網文自文強停車場,高雄市左營區 文自路２９號旁
全能網文自文強停車場,高雄市左營區 文自路２９號旁
全能網科技有限公司宏平中光停車場　（ＥＣ）,高雄市小港區 青島里宏平路４８０號旁土地
全能網苓安海邊停車場,高雄市苓雅區 苓安路９８號旁
全能網苓安海邊停車場,高雄市苓雅區 苓安路９８號旁
全能網重上文自停車場,高雄市左營區 重上街５２號對面
全能網重上文自停車場,高雄市左營區 重上街５２號對面
全速通鼎貴鼎富停車場,高雄市三民區 鼎富路２４號旁
全速通鼎貴鼎富停車場,高雄市三民區 鼎富路２４號旁
全速通龍勝東五停車場,高雄市鼓山區 神農路２０７號斜對面
全速通龍勝東五停車場,高雄市鼓山區 神農路２０７號斜對面
同記安平豆花－明誠店,高雄市三民區 明誠一路５８３號
同記安平豆花－熱河店,高雄市三民區 熱河一街４１５號１樓
名馥－武廟店,高雄市苓雅區 武廟路１４４之１號１樓
名馥－富國店,高雄市左營區 新上里富國路３５７號
吐司家三明治,高雄市苓雅區 成功一路１９７號
吐司家三明治,高雄市苓雅區 成功一路１９７號
在地人鹽水雞－裕誠店,高雄市鼓山區 裕誠路１５９３號１樓
好事生活廚房ＥＣ,高雄市前鎮區 一心二路１５０號１樓
安司佧菲,高雄市新興區 文橫二路１２７巷１３號
成風新正停車場,高雄市左營區 新正路９號旁（新勝段４８地號）
有樹食,高雄市鼓山區 文忠路１０６號１樓
有點渴了人文茶坊,高雄市新興區 復橫一路３７－１號１樓
百里亭股份有限公司台糖鳳山車站停車場,高雄市鳳山區 曹新段８４地號土地（和平路與文康街交叉口東南方空地）
羊窩窩　－　仁武店,高雄市仁武區 八德西路２７６－１號
羊窩窩　－　民生店,高雄市新興區 民生一路１３號１樓
羊窩窩－富國店,高雄市左營區 富國路３６９號１樓
羊窩窩－楠梓店,高雄市楠梓區 益群路１５號１樓
羊窩窩－鳳山店,高雄市鳳山區 八德路２２２之２號
羽潮羽球運動休閒館－岡山館,高雄市岡山區 嘉新西路３０巷１９號
老店柏弘肉燥（鹽埕店）,高雄市鹽埕區 大勇路１２５號１樓
老神在在瓦罐煨湯,高雄市左營區 新上里辛亥路１８８號
老濟南黃燜雞米飯,高雄市仁武區 仁雄路１１０號
自助洗衣　－２３３５６５,高雄市三民區 大豐二路１９７號
自助洗衣　－２３３５７２,高雄市鳳山區 中山東路３８０巷３２號
自助洗衣－２３１６９９,高雄市新興區 南華一路２４－２號
自助洗衣－２３３５４７,高雄市前鎮區 管仲路４９號
自助洗衣－２３３５７７,高雄市仁武區 文學路一段２９８號
自助洗衣－２３３７３２,高雄市路竹區 中華路２２８號
自助洗衣－２３３７７５,高雄市楠梓區 藍田路８８１號
自助洗衣－２３３８１０,高雄市鳳山區 高鳳一路８１號
自助洗衣－２３３８１３,高雄市左營區 重清路２７８巷２８號
自助洗衣－２３３８１９,高雄市左營區 自由四路３８７號
自助洗衣－２３３８２１,高雄市鳳山區 中山東路２０９號
自助洗衣－２３３８２５,高雄市鳳山區 高鳳一路８１號
自助洗衣－２３３８３７,高雄市鳳山區 北文街７號
自助洗衣－２３３８４６,高雄市仁武區 八德西路２２５６號
自助洗衣－２３３８５２,高雄市三民區 同盟一路９７號
自助洗衣－２３３８６６,高雄市鳳山區 五甲一路１７６號
自助洗衣－２３３８７２,高雄市鼓山區 裕誠路１５５４號
自助洗衣－２３３９０７,高雄市仁武區 仁雄路８６號
自助洗衣－２３３９１５,高雄市仁武區 赤仁路１０６號
自助洗衣－２３４５９１,高雄市路竹區 大智路１９之１號
自助洗衣－２３４５９７,高雄市楠梓區 壽民路５１號
自助洗衣－２３４６３９,高雄市岡山區 大德三路８５號
自助洗衣－２３４６４５,高雄市苓雅區 武廟路２８５號
自助洗衣－２３４６７５,高雄市鳳山區 海洋一路２０號
自助洗衣－２３４６８１,高雄市大寮區 八德路３５８號
自助洗衣－２３５２１７,高雄市三民區 鼎泰街２０１號
自助洗衣－２３５２７８,高雄市小港區 松崗路１８巷１４號
自助洗衣－２３５２９０,高雄市仁武區 仁樂街１１６號
自助洗衣－２３５２９６,高雄市鳳山區 八德路二段２７８號
自助洗衣－２３５２９７,高雄市小港區 山明路２３７號
自助洗衣－２３５３０３,高雄市大寮區 大寮路８６１之１號
自助洗衣－２３５３０９,高雄市林園區 中厝路１１９號
自助洗衣－２３５３１５,高雄市前金區 瑞源路１９２號
自助洗衣－２３５３２１,高雄市岡山區 大義二路２７２號
自助洗衣－２３５３２７,高雄市仁武區 八德東路１６５號
自助洗衣－２３５３３９,高雄市三民區 鼎昌街２１９號
自助洗衣－２３５３５８,高雄市鳳山區 南和街７６號
自助洗衣－２３５３７２,高雄市楠梓區 常德路３４４號
自助洗衣－２３５３７８,高雄市楠梓區 清豐一路１０５號
自助洗衣－２３５３８４,高雄市旗山區 旗甲路二段１５８號
自助洗衣－２３５４１,高雄市前金區 文武二街３３號
自助洗衣－２３５５８５,高雄市三民區 正興路１９１號
自助洗衣－２３５５９０,高雄市苓雅區 林泉街３４號
自助洗衣－２３５６２０,高雄市阿蓮區 中正路３５５號
自助洗衣－２３５７５２,高雄市岡山區 成功路９５－８號
自助洗衣－２３５７６７,高雄市鳳山區 八德路２９６巷２３號
自助洗衣－２３５７７７,高雄市小港區 桂園路３０號
自助洗衣－２３５８２２,高雄市鳳山區 杭州西街１３２號
自助洗衣－２３５８５６,高雄市楠梓區 大學南路１３１號
自助洗衣－２３５８５８,高雄市林園區 東林西路１９號
自助洗衣－２３５８６４,高雄市苓雅區 福德三路１０２號
自助洗衣－２３５８９６,高雄市楠梓區 中泰街７６巷２６號
自助洗衣－２３５９００,高雄市前鎮區 明鳳２６街８２號１樓
自助洗衣－２３５９００,高雄市苓雅區 林森二路５－４號
自助洗衣－２３５９０４,高雄市苓雅區 正言路７８號
自助洗衣－２３５９０８,高雄市前鎮區 前鎮街２４４號
自助洗衣－２３５９２２,高雄市新興區 林森一路２－１號
自助洗衣－２３５９３６,高雄市前鎮區 正勤路８２號
自助洗衣－２３５９８４,高雄市路竹區 中興路１４５－１號
自助洗衣－２３５９８６,高雄市鹽埕區 大仁路１９３號
自助洗衣－２３５９９２,高雄市鼓山區 銘傳路３號
自助洗衣－２３５９９６,高雄市鼓山區 西藏街２５２號
自助洗衣－２３６００８,高雄市前鎮區 翠亨北路５８９號
自助洗衣－２３６０１４,高雄市新興區 八德一路１５２號
自助洗衣－８００１６０,高雄市三民區 陽明路５８巷２號
自助洗衣－高雄澄和店,高雄市三民區 澄和路１４８號
似錦堂鹽埕店,高雄市鹽埕區 大勇路８９號
佐鄞合江歸綏第二停車場,高雄市三民區 大港段四小段１９７９、１９８０地號（合江街與歸綏街口）
佐鄞合江歸綏第二停車場,高雄市三民區 大港段四小段１９７９、１９８０地號（合江街與歸綏街口）
佐鄞系統有限公司六合中華停車場,高雄市前金區 中華三路１３４號後面
佐鄞系統有限公司六合中華停車場　（ＥＣ）,高雄市前金區 中華三路１３４號後面
佐鄞灣愛街停車場,高雄市三民區 灣和段３２地號（灣愛街１號對面）
佐鄞灣愛街停車場,高雄市三民區 灣和段３２地號（灣愛街１號對面）
吳家紅茶冰－鳳甲店,高雄市鳳山區 南華一路２６號
杉民大學十街停車場,高雄市楠梓區 大學十街６３８號對面空地
杉民大學十街停車場,高雄市楠梓區 大學十街６３８號對面空地
杉民明誠東四停車場,高雄市鼓山區 明誠四路１２０號旁
杉民明誠東四停車場,高雄市鼓山區 明誠四路１２０號旁
杉民裕誠立信停車場,高雄市左營區 裕誠路３３０巷５號對面
杉盒便當制所－高雄六合店,高雄市新興區 六合一路９８號
杉霖仁愛球庭停車場,高雄市新興區 球庭路７號對面
杉霖仁愛球庭停車場,高雄市新興區 球庭路７號對面
芋見綠豆　光遠店,高雄市鳳山區 光遠路３１５號
芋見綠豆　青海店,高雄市鼓山區 青海路２８９號
角落停高雄新崛江,高雄市新興區 林森一路１５巷２３號
谷杉工程有限公司興華林森停車場,高雄市新興區 興華路４８號旁
谷杉工程有限公司興華林森停車場　（ＥＣ）,高雄市新興區 興華路４８號旁
谷杉加昌樂群停車場,高雄市楠梓區 加昌段１０２５，１０２５－１，１０２６，１０２６－１地號
谷杉加昌樂群停車場,高雄市楠梓區 加昌段１０２５、１０２５－１、１０２６、１０２６－１地號
邦柏智慧－中山大學,高雄市鼓山區 蓮海路７０號
邦柏智慧－中山科學研究院昇園招待所,高雄市左營區 左營大路２－７０號
邦柏智慧－左營高鐵站,高雄市左營區 高鐵路１０５號
邦柏智慧－東哥企業同利廠,高雄市小港區 同利路２０號
邦柏智慧－東哥企業金福廠,高雄市前鎮區 金福路１號
邦柏智慧－信仰體育管顧,高雄市三民區 澄和路２６９號
邦柏智慧－高全存企業有限公司,高雄市大寮區 和業二路２６號
邦柏智慧－國立高雄大學,高雄市楠梓區 高雄大學路７００號
邦柏智慧－國立高雄科大燕巢校區,高雄市燕巢區 大學路１號
邦柏智慧－國立高雄科技大學建工校區,高雄市三民區 建工路４１５號
邦柏智慧－國立高雄科技大學楠梓校區,高雄市楠梓區 海專路１４２號
邦柏智慧－國立高雄科技大學旗津校區,高雄市旗津區 中洲三路４８２號
邦柏智慧－國立高雄科技大學燕巢校區,高雄市燕巢區 深中路５８號
邦柏智慧－國立高雄師範大學和平校區,高雄市苓雅區 和平一路１１６號
邦柏智慧－義守大學,高雄市大樹區 學城路一段１號
邦柏智慧－義守大學醫學院,高雄市燕巢區 義大路８號
邦柏智慧－歐吉斯（後鄉路）,高雄市路竹區 後鄉路３５號
佳益停車場,高雄市左營區 自由二路２８８號
侍茶匠－富國店,高雄市左營區 富國路１９２號１樓
侑停至聖龍勝停車場,高雄市鼓山區 龍中段７１、７９、８０、８１地號　（至聖路４５７號旁）
侑停至聖龍勝停車場,高雄市鼓山區 龍中段７１、７９、８０、８１地號　（至聖路４５７號旁）
侑停東五裕國停車場,高雄市鼓山區 裕國街３２０號對面
侑停東五裕國停車場,高雄市鼓山區 裕國街３２０號對面
和雲左營高鐵前文府路停車場,高雄市左營區 文府路４３號
和雲高雄中正民族停車場,高雄市新興區 中正三路２６號旁
和雲高雄五甲停車場,高雄市鳳山區 國泰路二段５０巷底
和雲高雄仁武竹後停車場,高雄市仁武區 水管路２３９號旁
和雲高雄六合夜市停車場,高雄市前金區 六合二路１２１號旁
和雲高雄平和岡燕停車場,高雄市岡山區 平和路６號對面
和雲高雄正德停車場,高雄市苓雅區 福德二路２６４巷與建國一路１４０巷２５弄交叉口
和雲高雄民權民生停車場,高雄市新興區 金門街１１１巷３５號旁
和雲高雄岡山鐵路巷旁停車場,高雄市岡山區 鐵路巷１９號對面
和雲高雄青年仁義停車場,高雄市苓雅區 青年二路１１號
和雲高雄重信路停車場,高雄市左營區 重信路４８３號對面
和雲高雄桂林街停車場,高雄市前鎮區 桂林街與桂林四巷交叉路口１６９號旁
和雲高雄勞工公園停車場,高雄市鳥松區 山水段１０１５－１５地號（長庚路北側）
和雲高雄瑞興停車場,高雄市鳳山區 瑞興路與瑞光街交叉口空地
和雲高雄維新東街停車場,高雄市岡山區 維新東街６８號對面
和雲路竹停車場,高雄市路竹區 新民路６號
咖啡足矣,高雄市新興區 渤海街２６號
咖啡智造有限公司,高雄市苓雅區 四維四路２號４樓之２、４樓之４
咚雞咚雞－三多文橫店,高雄市苓雅區 文橫二路２９－３號
咚雞咚雞－瑞隆店,高雄市前鎮區 瑞隆路５０２號
咚雞咚雞－鳳山店,高雄市苓雅區 正義路１０２號
坴圭富國８８停車場,高雄市左營區 富國路７３號３～５樓
坴圭富國８８停車場,高雄市左營區 富國路７３號３～５樓
坴和東五東六停車場,高雄市鼓山區 青海段２５１地號（美術東五路１３５號旁）
坴和東五東六停車場,高雄市鼓山區 青海段２５１地號（美術東五路１３５號旁）
坴和河西南二停車場,高雄市鼓山區 青海段４１８－４２３等地號
坴和河西南二停車場,高雄市鼓山區 青海段４１８－４２３等地號
岩程大順建國停車場,高雄市苓雅區 大順三路２００號對面
岩程大順建國停車場,高雄市苓雅區 大順三路２００號對面
拉亞漢堡－仁武中正店,高雄市仁武區 中正路２５６號１樓
拉亞漢堡－岡山柳橋東店,高雄市岡山區 柳橋東路３０號
拉亞漢堡－林園仁愛店,高雄市林園區 仁愛路１２０號１樓
拉亞漢堡－高雄大昌店,高雄市三民區 大昌二路３８８號
拉亞漢堡－高雄中正店,高雄市新興區 中正三路３０號１樓
拉亞漢堡－高雄文武店,高雄市前金區 文武一街７２號１樓
拉亞漢堡－高雄自強店,高雄市前金區 自強二路１８２號１樓
拉亞漢堡－高雄臥龍店,高雄市三民區 臥龍路５８之３號、５８之４號一樓
拉亞漢堡－高雄保泰店,高雄市前鎮區 崗山西街２之１２號
拉亞漢堡－高雄英義店,高雄市苓雅區 英義街３３５號１樓
拉亞漢堡－高雄重愛店,高雄市左營區 重愛路１４６號
拉亞漢堡－楠梓翠屏店,高雄市楠梓區 翠屏路４１號
拉亞漢堡－楠梓德賢店,高雄市楠梓區 德賢路２２０巷３號
拉亞漢堡－鳳山新富店,高雄市鳳山區 新富路３２０號１樓
拎茶－苓雅店,高雄市苓雅區 苓雅一路２０５號１樓
拎茶－苓雅店ＥＣ,高雄市苓雅區 苓雅一路２０５號１樓
放下麵子　左營店,高雄市左營區 博愛二路３０４號１、２樓
松揚ＶＭ小港機場國內線出入口１,高雄市小港區 中山四路２號國內線出入口
松揚ＶＭ小港機場國內線行李４,高雄市小港區 中山四路２號國內線行李
松揚ＶＭ小港機場國內線金龍Ａ５,高雄市小港區 中山四路２號國內線金龍Ａ５
松揚ＶＭ小港機場國內線金龍Ｂ６,高雄市小港區 中山四路２號國內線金龍Ｂ
松揚ＶＭ小港機場國內線租車８,高雄市小港區 中山四路２號國內線租車
松揚ＶＭ小港機場國內線排班計程車９,高雄市小港區 中山四路２號國內線排班計程車
松揚ＶＭ小港機場國內線報到右２,高雄市小港區 中山四路２號國內線報到右
松揚ＶＭ小港機場國內線報到左３,高雄市小港區 中山四路２號國內線報到左
松揚ＶＭ小港機場國際線１Ｆ入境大廳,高雄市小港區 中山四路２號國際線１Ｆ入境大廳
松揚ＶＭ小港機場國際線１Ｆ行李轉盤,高雄市小港區 中山四路２號國際線１Ｆ行李轉盤
松揚ＶＭ小港機場國際線３Ｆ大廳右側,高雄市小港區 中山四路２號國際線３Ｆ大廳右側
松揚ＶＭ小港機場國際線３Ｆ東翼候機,高雄市小港區 中山四路２號國際線３Ｆ東翼候機
松揚ＶＭ小港機場國際線西翼候機室,高雄市小港區 中山四路２號國際線西翼候機室
松揚飲料股份有限公司,高雄市鳥松區 松埔路６－１７號
欣欣炒飯,高雄市苓雅區 永樂街２３１號１樓
武復中山苓雅停車場,高雄市苓雅區 中山二路４７３號旁
武復中山苓雅停車場,高雄市苓雅區 過田子段６３４、６３８、６３９地號（中山二路４７３號旁）
武復忠仁忠誠停車場,高雄市鳥松區 忠孝路跟忠仁路交叉口
武復重清文德停車場,高雄市左營區 重清路４８號旁空地
武復頂新頂庄停車場,高雄市鳳山區 頂新三街２７號對面
波奇波奇高雄文山店,高雄市鳳山區 文衡路４２５、４２７號１樓
波奇波奇高雄博愛店,高雄市左營區 博愛二路３００號１樓
波奇波奇高醫店,高雄市三民區 青島街８１號
金茶伍高雄路竹店,高雄市路竹區 中正路２１７號１樓
金茶伍－楠梓惠豐店,高雄市楠梓區 壽豐路５２３號
金茶伍－燕巢門市,高雄市燕巢區 中民路６３５號１Ｆ
金錨咖啡,高雄市新興區 尚義街１１３號１樓
阿良涼圓甜點店,高雄市鳳山區 五甲二路４３８號１樓
阿爸餵,高雄市苓雅區 光華一路３６１號１、２樓
阿蘭古灶肉粽,高雄市岡山區 中華路１１９號
青山－高雄高醫店,高雄市三民區 自由一路１２３號１樓
青山－高雄裕誠店,高雄市鼓山區 裕誠路１１３７號
青山－鳳山中山店,高雄市鳳山區 中山路１２７號１樓
青山－鳳山青年店,高雄市鳳山區 青年路二段３５８號１樓
青雨停車場,高雄市鼓山區 龍華段八小段２３９３－１地號（文忠路與篤敬路交叉口）
前金成功停車場,高雄市前金區 成功一路３４３巷３０號旁空地
前金燻鴨,高雄市前金區 光明街２１號
前朕大學十八街停車場,高雄市楠梓區 藍田路１０２１巷２７號旁空地
前朕大學十八街停車場,高雄市楠梓區 藍田路１０２１巷２７號旁空地
前朕大學三十六街停車場,高雄市楠梓區 大學三十六街１８６號對面
前朕大學三十六街停車場,高雄市楠梓區 大學三十六街１８６號對面
前朕裕誠篤敬停車場,高雄市鼓山區 裕誠路１０２３號旁
前朕裕誠篤敬停車場,高雄市鼓山區 裕誠路１０２３號旁
勁侶管理顧問有限公司（總管理處）,高雄市鳳山區 長安街７５號１Ｆ
勁侶管理顧問有限公司勁侶松金　停車場,高雄市小港區 宏明段２７８與２８０地號（宏仁街２６號東側空地）
勁侶管理顧問有限公司勁侶頂豐停車場,高雄市鳳山區 明頂段８７地號（頂豐街與頂賢街口西南側空地）
勁侶管理顧問有限公司勁侶瑞南停車場,高雄市前鎮區 臨北段４９１－２地號（瑞南街與凱旺街口西北側空地）
南台灣小麵館,高雄市楠梓區 德祥路１７１號１Ｆ
南台灣小麵館,高雄市楠梓區 德祥路１７１號１樓
威力早午餐,高雄市三民區 河堤路４８８號
屏行拾光高雄火車站,高雄市三民區 建國二路３１８號
屏行拾光高雄長庚站,高雄市鳥松區 大埤路１２３號
峇淂明華明倫停車場,高雄市鼓山區 明華路２５１號旁空地
峇淂明華明倫停車場,高雄市鼓山區 明華路２５１號旁空地
拾玖茶屋　高雄武廟店,高雄市苓雅區 武廟路２１０號１樓
洗多多寵物自助洗,高雄市仁武區 八德一路９８巷５６之１Ａ
炸菜大蔬素食鹽酥雞,高雄市鼓山區 裕誠路１５９５號騎樓
珍煮丹－小港漢民店,高雄市小港區 漢民路７３３之１號
珍煮丹－高雄左營店,高雄市左營區 華夏路７１０號
珍煮丹－高雄岡山店,高雄市岡山區 公園西路３段４５號１樓
珍煮丹高雄苓雅店,高雄市苓雅區 自強三路１７７號１樓
珍煮丹高雄路竹店,高雄市路竹區 大社路８３號１Ｆ
珍煮丹－高雄旗山店,高雄市旗山區 延平一路６４５號１樓
珍煮丹－楠梓德賢店,高雄市楠梓區 德賢路２４７號
珍煮丹－楠梓德賢店,高雄市楠梓區 德賢路２４７號
美森咖啡,高雄市前金區 仁義街２２３號
美蔬齋,高雄市新興區 六合路１９７號
胖尼咖啡,高雄市左營區 博愛二路２０４號１樓
食光杯　七賢店,高雄市鹽埕區 七賢三路２１５號
夏夫小農,高雄市鼓山區 裕興路１０１號
夏木川茶飲　後勁店,高雄市楠梓區 後昌路２７號
娓娓道來Ｔａｌｋ　Ｂａｋｅｒｙ（高雄湖內店）,高雄市湖內區 自強街４６之１號１樓
孫家莊手作飯包專賣店,高雄市前鎮區 一心二路９６號１樓
家福智販機－ＳＫＭ　Ｐａｒｋ,高雄市前鎮區 中安路１－１號
悟八庫商行精品咖啡,高雄市楠梓區 土庫路２８３號
捌貳２４Ｈ韓式自助拉麵,高雄市楠梓區 軍校路９２１號１樓
格言咖啡,高雄市鼓山區 美術東五路５０號
泰虎泰式料理,高雄市新興區 中東街２６８號１樓
泰虎泰式料理,高雄市新興區 中東街２６８號１樓
烏弄－三多三信店,高雄市苓雅區 三多一路２６３號１Ｆ
烏弄－三多文橫店,高雄市苓雅區 文橫二路３號１樓
烏弄－大社中山店,高雄市大社區 中山路２０３號１樓
烏弄－大寮鳳林店,高雄市大寮區 鳳林三路７４３號１樓
烏弄－小港,高雄市小港區 漢民路７０６號１樓
烏弄－中山大同店,高雄市新興區 大同一路１５４號
烏弄－中正復興店,高雄市新興區 復興一路７０之１號
烏弄－仁武永仁店,高雄市仁武區 永仁街３７３號１樓
烏弄－仁雄,高雄市仁武區 仁雄路１３之１２號
烏弄－文化林泉店,高雄市苓雅區 林泉街９０號
烏弄－左營孟子店,高雄市左營區 孟子路２６６號１Ｆ
烏弄－自強店,高雄市前金區 自強三路２０９號
烏弄－西子灣店,高雄市鼓山區 臨海二路２０－４號
烏弄－明誠店,高雄市鼓山區 明誠三路７１４號１樓
烏弄林園店,高雄市林園區 仁愛路５號
烏弄－武廟福德店,高雄市苓雅區 福德二路２７號
烏弄－阿蓮忠孝店,高雄市阿蓮區 忠孝路１５５號１樓
烏弄原茶－小港中安店,高雄市小港區 中安路５９６之６號
烏弄－高雄大昌店,高雄市三民區 大昌二路５１４號１樓
烏弄－高雄六合店,高雄市新興區 六合路８４號
烏弄－高雄博愛店,高雄市三民區 博愛一路３２０號
烏弄－高雄榮總店,高雄市左營區 榮總路１５號
烏弄－高雄慶豐店,高雄市鼓山區 慶豐街１４號
烏弄富國店,高雄市左營區 富國路２５９號１樓
烏弄復興創始店,高雄市前鎮區 復興三路１６８號１樓
烏弄－華夏高鐵店,高雄市左營區 文學路３５號
烏弄－楠梓土庫店,高雄市楠梓區 清豐二路８８號１樓
烏弄－楠梓後昌店,高雄市楠梓區 後昌路６９６號
烏弄－楠梓德賢店,高雄市楠梓區 德賢路２３０號１樓
烏弄－瑞隆店,高雄市前鎮區 瑞隆路３３４號１樓
烏弄－經武,高雄市鳳山區 經武路２４９號１樓
烏弄－路竹中正店,高雄市路竹區 中正路１９７號１樓
烏弄－鼎中,高雄市三民區 鼎中路３７４號
烏弄－鳳山中山店,高雄市鳳山區 中山路１４４－５號
烏弄－鳳山五甲店,高雄市鳳山區 五甲三路９３號
烏弄鳳山青年店,高雄市鳳山區 青年路二段３９０號
烏弄－熱河店,高雄市三民區 熱河一街３８８號１樓
烏弄－橋頭隆豐店,高雄市橋頭區 隆豐路１５６號
烏弄－覺民店,高雄市三民區 覺民路１８１號１樓
烏弄－鹽埕七賢店,高雄市鹽埕區 七賢三路１３０號１樓
特好喝三多店,高雄市苓雅區 三多三路２１８之３號１樓
特好喝－左營富國店,高雄市左營區 富國路２７８號
特好喝－高雄楠梓店,高雄市楠梓區 海專路４１１號
秦爺漢堡,高雄市鳳山區 南京路２２８巷３號１樓
純鍋,高雄市仁武區 八德南路３５４號
茶十二叡曲,高雄市鳳山區 頂庄路２６２號１樓
茶海大社中山店,高雄市大社區 中山路２５５號１樓
茶海德賢店,高雄市楠梓區 德賢路１５１－１號
財團法人台灣省私立高雄仁愛之家附設慈惠醫院（停車場,高雄市大寮區 鳳屏一路５０９號
迷客夏　高雄左營高鐵店,高雄市左營區 菜公里高鐵路１０５號２樓
迷客夏　高雄路竹店,高雄市路竹區 社南里０１６鄰大社路２０號
高雄三鳳自立停車場,高雄市三民區 三德西街２３號對面
高雄秀傳醫院營業所,高雄市路竹區 北嶺六路１００號
高雄長庚紀念醫院－停車場,高雄市鳥松區 鳥松里大埤路１２３號（訪客室外停車場）
高雄港區土地開發股份有限公司,高雄市鹽埕區 大勇路１１號４樓
高雄楠梓大魯閣停車場,高雄市楠梓區 大學二十六街８７號
停易適一心復興停車場,高雄市前鎮區 復興三路１１４號旁空地
停易適一心復興停車場,高雄市前鎮區 復興三路１１４號旁空地
停易適前金停車場,高雄市前金區 中正四路和新盛一街口
停易適前金停車場,高雄市前金區 中正四路和新盛一街口
停壹美明東四停車場,高雄市鼓山區 青海段７０。７１地號（美明路１９號旁）
停壹美明東四停車場,高雄市鼓山區 青海段７０．７１地號（美明路１９號旁）
停壹美術館路停車場,高雄市鼓山區 美術館路１２３號旁
停壹美術館路停車場,高雄市鼓山區 美術館路１２３號旁
停壹德旺十全停車場,高雄市三民區 十全三路與德旺街口
停壹德旺十全停車場,高雄市三民區 十全三路與德旺街口
停壹龍勝神農停車場,高雄市鼓山區 龍勝路１７０號對面
停壹龍勝神農停車場,高雄市鼓山區 龍勝路１７０號對面
停網中山修文停車場,高雄市前鎮區 中山二路７３號旁空地
停網中山修文停車場,高雄市前鎮區 中山二路７３號旁空地
停網文林修文停車場,高雄市前鎮區 獅甲段１４１，１４３，１４６地號（修文街２７號對面空地）
停網文林修文停車場,高雄市前鎮區 獅甲段１４１，１４３，１４６地號（修文街２７號對面空地）
啡常站－高雄旗山店,高雄市旗山區 延平一路４９１之１號１樓
國雲泊車趣－大昌停車場,高雄市楠梓區 忠義二巷６２號旁
國雲泊車趣－小港鳳盛停車場,高雄市小港區 鳳盛街與鳳華路５６巷口
國雲泊車趣－小港鳳陽停車場,高雄市小港區 華山路與鳳陽街１８巷口
國雲泊車趣－中正民族停車場,高雄市新興區 民族二路２６號旁
國雲泊車趣－右昌停車場,高雄市楠梓區 右昌街４２１號旁
國雲泊車趣－正勤中華停車場,高雄市前鎮區 中華五路６５６號旁
國雲泊車趣－民權二路停車場,高雄市前鎮區 民權二路與衡山街口
國雲泊車趣－君毅停車場,高雄市前鎮區 正勤路１１號對面
國雲泊車趣－明義停車場,高雄市前鎮區 草衙二路與中平路口
國雲泊車趣－林園田中央停車場,高雄市林園區 東林西路２４９巷１４６號對面
國雲泊車趣－時代大道第二停車場（Ａ區）,高雄市前鎮區 時代大道與時代南一路口（碳佐麻里旁）
國雲泊車趣－時代大道第二停車場（Ｂ區）,高雄市前鎮區 時代大道與時代南一路口（藏壽司旁）
國雲泊車趣－凱旋四路停車場,高雄市前鎮區 中華五路與時代南二路口
國雲泊車趣－港興社區停車場,高雄市小港區 小港路９０巷３弄３３號旁
國雲泊車趣－新中街停車場,高雄市左營區 新中街１１７號旁
國雲泊車趣－親水公園停車場,高雄市前鎮區 翠亨北路３９８號對面
國雲泊車趣－龍鳳停車場,高雄市小港區 龍鳳路與朝福街口
國雲科技股份有限公司,高雄市苓雅區 仁義街２之４號６樓
常駐系統有限公司十全山東停車場,高雄市三民區 同德里十全一路３９號旁
常駐系統有限公司十全山東停車場　（ＥＣ）,高雄市三民區 同德里十全一路３９號旁
康青龍（左營重信店）,高雄市左營區 重信路４２６號１樓
強笙文學重和第二停車場,高雄市左營區 文學路２９２號旁
強笙文學重和第二停車場,高雄市左營區 文學路２９２號旁
強笙自立大同停車場,高雄市前金區 前金段４４５—５２及４４５—５８地號
強笙自立大同停車場,高雄市前金區 前金段４４５－５２及４４５－５８地號
強笙河西一路停車場,高雄市鼓山區 龍水里青海段４５５、４５８地號　（河西一路１４１１號旁）
強笙河西一路停車場,高雄市鼓山區 龍水里青海段４５５、４５８地號（河西一路１４１１號旁）
捷創智能有限公司宣化哈爾濱停車場　（ＥＣ）,高雄市三民區 宣化街８９號對面
晨間廚房－大社大吉店,高雄市大社區 大吉路１６０號１樓
晨間廚房大寮四維店,高雄市大寮區 四維路１５５號１樓
晨間廚房大寮自由店,高雄市大寮區 鳳林四路５４號１樓
晨間廚房－仁武仁勇店,高雄市仁武區 仁勇路１０５號１、２樓
晨間廚房－岡山公園西店,高雄市岡山區 公園西路二段１１０號１樓
晨間廚房－岡山成功店,高雄市岡山區 成功路６１號
晨間廚房－岡山成功店,高雄市岡山區 成功路６１號
晨間廚房－岡山壽天店,高雄市岡山區 壽華路６０號１樓
晨間廚房－岡山壽天店,高雄市岡山區 壽華路６０號１樓
晨間廚房－美濃中正店,高雄市美濃區 中正路一段８之３號
晨間廚房－苓雅三信,高雄市苓雅區 漢昌街９６號１樓
晨間廚房－苓雅三信店,高雄市苓雅區 漢昌街９６號１樓
晨間廚房－高雄明誠店,高雄市三民區 鼎西里明誠一路３３６號
晨間廚房高雄林園店,高雄市林園區 林園里１６鄰林園北路２２８號
晨間廚房－高雄保生店,高雄市鳳山區 保生路１０１號１樓
晨間廚房高雄康定店,高雄市前鎮區 康定路３９之１號
晨間廚房－高雄旗山店,高雄市旗山區 文中路３９號１樓
晨間廚房－高雄鄭和店,高雄市前鎮區 鄭和路６６號１樓
晨間廚房－高雄鄭和店（ＥＣ）,高雄市前鎮區 鄭和路６６號１樓
晨間廚房－湖內保生店,高雄市湖內區 葉厝里保生路３４６之２號
晨間廚房－旗山中學店,高雄市旗山區 中山南街５２號
晨間廚房－旗山圓富店,高雄市旗山區 旗甲路二段２２８號
晨間廚房－鳳山三誠店,高雄市鳳山區 三誠路６１號１樓
晨間廚房－鳳山南正店,高雄市鳳山區 南正二路６２號１樓
晨間廚房－鳳山南華店,高雄市鳳山區 南華路１９０號１樓
晨間廚房－鳳山鳳林店,高雄市鳳山區 鳳林路１６３號１樓
晨間廚房－鳳山鳳林店（ＥＣ）,高雄市鳳山區 鳳林路１６３號１樓
曹公廟停車場,高雄市鳳山區 鳳山段縣口小段９０－１０地號
梁社漢三民義華店,高雄市三民區 義華路４９３號
梁社漢三民義華店,高雄市三民區 義華路４９３號
梁社漢排骨三民鼎山店,高雄市三民區 鼎中路３８９號１樓
梁社漢排骨三民鼎山店（ＥＣ）,高雄市三民區 鼎泰里鼎中路３８９號１樓
梁社漢排骨大寮中庄店,高雄市大寮區 四維路１５０號
梁社漢排骨大寮中庄店（ＥＣ）,高雄市大寮區 四維路１５０號
梁社漢排骨小港宏平店,高雄市小港區 宏平路４３９號
梁社漢排骨小港宏平店,高雄市小港區 宏平路４３９號
梁社漢排骨仁武仁雄店,高雄市仁武區 仁雄路８０－２號１樓
梁社漢排骨仁武仁雄店,高雄市仁武區 仁雄路８０－２號１樓
梁社漢排骨左營博愛店,高雄市左營區 博愛四路２８６號
梁社漢排骨－左營博愛店,高雄市左營區 博愛四路２８６號
梁社漢排骨左營富國店,高雄市左營區 富國路１４１號
梁社漢排骨左營富國店　（ＥＣ）,高雄市左營區 富國路１４１號
梁社漢排骨－左營榮總店,高雄市左營區 榮總路２６３號１樓
梁社漢排骨－左營榮總店,高雄市左營區 榮總路２６３號１樓
梁社漢排骨岡山站前店,高雄市岡山區 岡燕路７６號
梁社漢排骨岡山站前店,高雄市岡山區 岡燕路７６號
梁社漢排骨前鎮瑞隆店,高雄市前鎮區 瑞隆路５５９號
梁社漢排骨前鎮鄭和店,高雄市前鎮區 鄭和路５７號１樓
梁社漢排骨前鎮鄭和店（ＥＣ）,高雄市前鎮區 鄭和路５７號１樓
梁社漢排骨苓雅建國店,高雄市苓雅區 建國一路１３９號
梁社漢排骨高雄大社店,高雄市大社區 中山路４０１號１樓
梁社漢排骨－高雄大社店,高雄市大社區 中山路４０１號１樓
梁社漢排骨高雄林園店,高雄市林園區 林園北路１９２號
梁社漢排骨高雄林園店,高雄市林園區 林園北路１９２號
梁社漢排骨高雄鹽埕店,高雄市鹽埕區 大仁路１４０號
梁社漢排骨高雄鹽埕店,高雄市鹽埕區 大仁路１４０號
梁社漢排骨新興復興店,高雄市新興區 復興一路７８號１樓
梁社漢排骨新興復興店（ＥＣ）,高雄市新興區 復興一路７８號１樓
梁社漢排骨鼓山青海店,高雄市鼓山區 青海路１１０號
梁社漢排骨鼓山青海店,高雄市鼓山區 青海路１１０號
梁社漢排骨鳳山忠誠店,高雄市鳳山區 忠誠路１９０號
梁社漢排骨鳳山忠誠店（ＥＣ）,高雄市鳳山區 忠誠路１９０號
梁社漢排骨鳳山青年店,高雄市鳳山區 青年路一段３２４號１樓
梁社漢排骨鳳山青年店,高雄市鳳山區 青年路一段３２４號１樓
梁社漢排骨鳳山南華店,高雄市鳳山區 南華一路２００之１號
梁社漢楠梓德惠店,高雄市楠梓區 德惠路２２號
梁社漢楠梓德惠店（ＥＣ）,高雄市楠梓區 德惠路２２號
梁社漢鳳山文龍店,高雄市鳳山區 文龍東路３６９號
梁社漢鳳山文龍店（ＥＣ）,高雄市鳳山區 文龍東路３６９號
清原芋園飲品－高雄林園店,高雄市林園區 東林西路８９號１樓
統一速邁－屏東發票台郡二廠餐廳,高雄市大寮區 莒光一街１５號
統一速邁－屏東發票台郡卸貨區Ｅ棟,高雄市大寮區 莒光一街２３號
統一速邁－屏東發票台郡和發廠餐廳,高雄市大寮區 上發五路１號
統一速邁－高雄２３２１０２大門警衛排,高雄市仁武區 中山路３－９號
統一速邁－高雄九太巨蛋,高雄市左營區 博愛二路７５７號
統一速邁－高雄三元能源科技,高雄市鳥松區 松埔北巷５７－１號
統一速邁－高雄三民家商,高雄市左營區 裕誠路１１０２號
統一速邁－高雄三民高中,高雄市三民區 金鼎路８１號
統一速邁－高雄岡山運動中心,高雄市岡山區 中山南路１６９號
統一速邁－高雄果嶺公園,高雄市鳥松區 球場路２７０號
統一速邁－高雄金馬防衛指揮部,高雄市鳥松區 美山路１２０號
統一速邁－高雄科技大學,高雄市旗津區 中洲三路４８２號
統一速邁－高雄美國學校,高雄市鳥松區 松埔北巷５７－１號
統一速邁－高雄馬禮遜美國學校,高雄市大社區 嘉誠路４２號
統一速邁－高雄高雄港旅運中心,高雄市苓雅區 海邊路５號
統一速邁－高雄高鐵左營基地,高雄市仁武區 高鐵路１９９９號
統一速邁－高雄高鐵整備倉庫,高雄市左營區 高鐵路１０１號
統一速邁－高雄高鐵燕巢總機廠,高雄市燕巢區 高鐵總廠路５００號
統一速邁－高雄凱旋醫院,高雄市苓雅區 凱旋二路１３０號
統一速邁－高雄新竹物流,高雄市小港區 中安路８６號
統一速邁－高雄漢來美食,高雄市左營區 博愛二路７６７號１０樓
統一速邁－高雄福誠高中,高雄市鳳山區 五甲三路１７６號
統一速邁－高雄鳳山醫院,高雄市鳳山區 經武路４２之１號
統一速邁－高雄鵬鼎科技,高雄市路竹區 路科九路２３號
統一速邁－高雄鹽埕國中,高雄市鹽埕區 新樂街４６號
統固力九如鐵道停車場,高雄市三民區 九如一路６１９巷與鐵道一街街口
統固力工程有限公司自立橫路停車場,高雄市前金區 自立橫路７６號旁
統固力工程有限公司自立橫路停車場　（ＥＣ）,高雄市前金區 自立橫路７６號旁
統固力中正尚信停車場,高雄市苓雅區 中正二路８３號旁
統固力中正尚信停車場,高雄市苓雅區 中正二路８３號旁
統固力文學重和停車場,高雄市左營區 重和路１７５號旁空地
統固力文學重和停車場,高雄市左營區 重和路１７５號旁空地
統強七賢自強停車場,高雄市前金區 七賢二路２５５號旁
統強至聖南屏第二停車場,高雄市鼓山區 龍中段２１地號（南屏路５９７號後面旁邊）
統強至聖南屏第二停車場,高雄市鼓山區 龍中段２１地號（南屏路５９７號後面旁邊）
統強凱旺凱福停車場,高雄市前鎮區 凱旺街與凱福街交叉口
統強凱旺凱福停車場,高雄市前鎮區 凱旺街與凱福街交叉口
統強凱旺凱福第二停車場,高雄市前鎮區 凱旺街８號（興南段１２地號空地）
統強凱旺凱福第二停車場,高雄市前鎮區 凱旺街８號（興南段１２地號空地）
統強凱旺凱福第三停車場,高雄市前鎮區 凱旺街８號旁
統強凱旺凱福第三停車場,高雄市前鎮區 凱旺街８號旁
統強凱旺瑞南停車場,高雄市前鎮區 凱旺街與瑞南街交叉口（興南段２，３及４地號空地）
統強凱旺瑞南停車場,高雄市前鎮區 凱旺街與瑞南街交叉口（興南段２，３及４地號空地）
莉莉花想屋－大順店,高雄市苓雅區 大順三路２２５號
覓糖七彩粉粿（苓雅四維店）,高雄市苓雅區 四維二路１８３號
逗柴Ｃａｆｅ,高雄市鳳山區 福安一街６９巷３號１樓
野森動物學校（停車場）,高雄市內門區 中正路３９巷１６８號
野獸國ＢｉＢｉ智販機－高雄威秀,高雄市苓雅區 三多四路２１號１３樓
陳麻飯,高雄市楠梓區 大學東路７３號
鳥松濱湖營業所（Ａ０６３６０１１＿鳥松濱湖）,高雄市鳥松區 文海街１１號旁空地停車場
鹿上點－Ｔｗｏｍｉ　Ｃｏｆｆｅｅ,高雄市左營區 富國路４８０號
鹿上點－小仙島高雄店,高雄市鼓山區 文忠路８號
鹿上點－風鳥堂岡山前峰店,高雄市岡山區 前峰路１０９－１２號
麻古茶坊　鳳山南華店,高雄市鳳山區 南華路１０７號
麻古茶坊　鳳山鳳西店（網路）,高雄市鳳山區 五甲一路１０６號１Ｆ
麻古茶坊－七賢店（麻品）,高雄市鹽埕區 七賢三路１３４號１號
麻古茶坊－八卦寮店,高雄市仁武區 八德中路２１３號１樓
麻古茶坊－八卦寮店,高雄市仁武區 八德中路２１３號１樓
麻古茶坊－土庫店,高雄市楠梓區 清豐二路１４６號１樓
麻古茶坊－土庫店,高雄市楠梓區 清豐二路１４６號１樓
麻古茶坊－大昌大豐店,高雄市三民區 大昌二路２４０號
麻古茶坊－大社三民店,高雄市大社區 大新路１之１號１樓
麻古茶坊－大發二店,高雄市大寮區 鳳林三路３７０號１樓
麻古茶坊－大發二店,高雄市大寮區 鳳林三路３７０號１樓
麻古茶坊－大順富國店,高雄市左營區 富國路３３號１樓
麻古茶坊－小港孔鳳店,高雄市小港區 孔鳳路５１５號１Ｆ
麻古茶坊－小港台機店,高雄市小港區 漢民路１４６號１樓
麻古茶坊－小港台機店,高雄市小港區 漢民路１４６號１樓
麻古茶坊－小港平和店,高雄市小港區 平和路４１號１樓
麻古茶坊－小港平和店,高雄市小港區 平和路４１號１樓
麻古茶坊－中華三民店,高雄市三民區 中華三路２６０號
麻古茶坊－五甲三店,高雄市鳳山區 五甲三路８１號
麻古茶坊－五甲三店,高雄市鳳山區 五甲三路８１號
麻古茶坊－五甲自強店,高雄市鳳山區 自強二路１１１號１Ｆ
麻古茶坊－五甲自強店,高雄市鳳山區 自強二路１１１號１樓
麻古茶坊－仁雄店,高雄市仁武區 仁雄路１３之６號１樓
麻古茶坊－仁雄店,高雄市仁武區 仁雄路１３之６號１樓
麻古茶坊－民生民權店,高雄市新興區 民生一路１５８號１樓
麻古茶坊－民生民權店,高雄市新興區 民生一路１５８號１樓
麻古茶坊－自由大中店,高雄市左營區 自由三路５２７號１Ｆ
麻古茶坊－自由大中店,高雄市左營區 自由三路５２７號１樓
麻古茶坊－自由孟子店,高雄市左營區 自由三路３５５號１樓
麻古茶坊－自由孟子店,高雄市左營區 自由三路３５５號１樓
麻古茶坊－自強漢神店,高雄市前金區 自強三路２５９號１Ｆ
麻古茶坊－西子灣店,高雄市鼓山區 臨海二路２０號
麻古茶坊－西子灣店,高雄市鼓山區 臨海二路２０號
麻古茶坊－赤南店,高雄市仁武區 仁雄路６９－２號１樓
麻古茶坊－赤南店,高雄市仁武區 仁雄路６９－２號１樓
麻古茶坊－京吉店,高雄市仁武區 京吉六路３１號１樓
麻古茶坊－京吉店,高雄市仁武區 京吉六路３１號１樓
麻古茶坊－岡山大仁北店,高雄市岡山區 大仁北路１５８號１樓
麻古茶坊－岡山大仁北店,高雄市岡山區 大仁北路１５８號１樓
麻古茶坊－岡山中山南店,高雄市岡山區 中華路１－２號１樓
麻古茶坊－岡山中華店,高雄市岡山區 中華路１－２號１樓
麻古茶坊－岡山前峰店,高雄市岡山區 前峰路１０９之２號
麻古茶坊－岡山壽天店,高雄市岡山區 壽天路６３號１樓
麻古茶坊－岡山壽天店,高雄市岡山區 壽天路６３號１樓
麻古茶坊－忠孝店（品宣）,高雄市苓雅區 忠孝二路１０６號１樓
麻古茶坊股份有限公司,高雄市左營區 文育路１１１號
麻古茶坊－建工店,高雄市三民區 建工路７２２號１樓
麻古茶坊－建工店,高雄市三民區 建工路７２２號１樓
麻古茶坊－建興店（就是讚）,高雄市三民區 建興路２２９號１樓
麻古茶坊－後昌店,高雄市楠梓區 後昌路６８８號１樓
麻古茶坊－後昌店,高雄市楠梓區 後昌路６８８號１樓
麻古茶坊－高雄九如店,高雄市三民區 九如一路９０９號１樓
麻古茶坊－高雄九如店,高雄市三民區 九如一路９０９號１樓
麻古茶坊－高雄八德中山店,高雄市新興區 八德一路３８６號１樓
麻古茶坊－高雄大昌店,高雄市三民區 大昌二路５５３號１樓
麻古茶坊－高雄大發店,高雄市大寮區 大寮路８１３號１樓
麻古茶坊－高雄大發店,高雄市大寮區 大寮路８１３號１樓
麻古茶坊－高雄仁武中正店,高雄市仁武區 中正路３號１樓
麻古茶坊－高雄仁武中正店,高雄市仁武區 中正路３號１樓
麻古茶坊－高雄天祥店,高雄市三民區 天祥一路１４０號
麻古茶坊－高雄天祥店,高雄市三民區 天祥一路１４０號
麻古茶坊－高雄孔鳳店,高雄市小港區 孔鳳路５１５號１樓
麻古茶坊－高雄左大店,高雄市左營區 左營大路１４２號１樓
麻古茶坊－高雄明誠店,高雄市鼓山區 明誠三路７１２號１樓
麻古茶坊－高雄明誠店,高雄市鼓山區 明誠三路７１２號１樓
麻古茶坊－高雄林園北店,高雄市林園區 林園北路４１５號１樓
麻古茶坊－高雄林園北店,高雄市林園區 林園北路４１５號１樓
麻古茶坊－高雄林園店,高雄市林園區 仁愛路３號１樓
麻古茶坊－高雄林園店,高雄市林園區 仁愛路３號１樓
麻古茶坊－高雄建國店,高雄市三民區 建國三路８１號１樓
麻古茶坊－高雄建國店,高雄市三民區 建國三路８１號１樓
麻古茶坊－高雄後勁店,高雄市楠梓區 後昌路２３號１樓
麻古茶坊－高雄後勁店,高雄市楠梓區 後昌路２３號１樓
麻古茶坊－高雄美術館店,高雄市鼓山區 青海路１４９號
麻古茶坊－高雄美術館店,高雄市鼓山區 青海路１４９號
麻古茶坊－高雄美濃店,高雄市美濃區 泰安里中正路一段８號１樓
麻古茶坊－高雄美濃店,高雄市美濃區 中正路一段８號１樓
麻古茶坊－高雄草衙店,高雄市前鎮區 草衙二路５１１號１樓
麻古茶坊－高雄草衙店,高雄市前鎮區 草衙二路５１１號１樓
麻古茶坊－高雄崇德店,高雄市左營區 崇德路２７３號１樓
麻古茶坊－高雄崇德店,高雄市左營區 崇德路２７３號１樓
麻古茶坊－高雄創新店,高雄市楠梓區 創新路２１號１樓
麻古茶坊－高雄創新店,高雄市楠梓區 創新路２１號１樓
麻古茶坊－高雄博愛店,高雄市三民區 博愛一路３１６號
麻古茶坊－高雄博愛店,高雄市三民區 博愛一路３１６號
麻古茶坊－高雄富國店,高雄市左營區 富國路２６５號１樓
麻古茶坊－高雄富國店,高雄市左營區 富國路２６５號１樓
麻古茶坊－高雄港醫店,高雄市小港區 漢民路７７９號１樓
麻古茶坊－高雄港醫店,高雄市小港區 漢民路７７９號１樓
麻古茶坊－高雄湖內店,高雄市湖內區 保生路３３８號１樓
麻古茶坊－高雄湖內店,高雄市湖內區 保生路３３８號１Ｆ
麻古茶坊－高雄華夏店,高雄市左營區 華夏路１１２７號１樓
麻古茶坊－高雄華夏店,高雄市左營區 華夏路１１２７號１樓
麻古茶坊－高雄瑞豐店,高雄市鼓山區 裕誠路１１４６號１樓
麻古茶坊－高雄瑞豐店,高雄市鼓山區 裕誠路１１４６號１樓
麻古茶坊－高雄裕誠店,高雄市左營區 裕誠路１５５號１樓
麻古茶坊－高雄裕誠店,高雄市左營區 裕誠路１５５號１樓
麻古茶坊－高雄鼎山家樂福店,高雄市三民區 鼎山街５４３號１樓
麻古茶坊－高雄鼎山家樂福店,高雄市三民區 鼎山街５４３號１樓
麻古茶坊－高雄漢民店,高雄市小港區 漢民路４２５號１樓
麻古茶坊－高雄漢民店,高雄市小港區 漢民路４２５號１樓
麻古茶坊－高雄鳳山光復店,高雄市鳳山區 光復路１段１７９號１樓
麻古茶坊－高雄鳳山光復店,高雄市鳳山區 光復路１段１７９號１樓
麻古茶坊－高雄鳳林店,高雄市大寮區 鳳林三路７４７號１樓
麻古茶坊－高雄鳳林店,高雄市大寮區 鳳林三路７４７號１樓
麻古茶坊－高雄熱河店,高雄市三民區 熱河一街２９９號１樓
麻古茶坊－高雄熱河店,高雄市三民區 熱河一街２９９號１樓
麻古茶坊－高雄彌陀店,高雄市彌陀區 中正路１５５號１樓
麻古茶坊－高雄鎮興店,高雄市前鎮區 鎮興路１９８號１樓
麻古茶坊－高雄覺民店,高雄市三民區 覺民路１９４號
麻古茶坊－鳥松中正店,高雄市鳥松區 中正路３６７之２４號
麻古茶坊－鳥松中正店,高雄市鳥松區 中正路３６７之２４號
麻古茶坊－復興一心店,高雄市前鎮區 復興三路３１９號１樓
麻古茶坊－復興一心店,高雄市前鎮區 復興三路３１９號１樓
麻古茶坊－復興宜家店,高雄市前鎮區 復興三路１７號
麻古茶坊－復興宜家店,高雄市前鎮區 復興三路１７號
麻古茶坊－陽明店,高雄市三民區 陽明路４１９號１樓
麻古茶坊－新崛江店,高雄市新興區 文橫二路１４４號１樓
麻古茶坊－新崛江店,高雄市新興區 文橫二路１４４號１樓
麻古茶坊－楠梓右昌店,高雄市楠梓區 三山街１號１樓
麻古茶坊－楠梓右昌店,高雄市楠梓區 三山街１號１樓
麻古茶坊－楠梓德民店（玄茗）,高雄市楠梓區 德民路９９８號
麻古茶坊－路竹中正店,高雄市路竹區 中正路２２５之１號１樓
麻古茶坊－鼎金鼎力店,高雄市三民區 鼎山街１９６號１樓
麻古茶坊－鼎金鼎力店,高雄市三民區 鼎山街１９６號１樓
麻古茶坊－嫩江店,高雄市三民區 嫩江街８０號１Ｆ
麻古茶坊－嫩江店,高雄市三民區 嫩江街８０號１樓
麻古茶坊－旗山店,高雄市旗山區 延平一路６８３號１Ｆ
麻古茶坊－旗山店,高雄市旗山區 延平一路６８３號１樓
麻古茶坊－鳳山八德店,高雄市鳳山區 八德路２８７號１Ｆ
麻古茶坊－鳳山八德店,高雄市鳳山區 八德路２８７號１樓
麻古茶坊－鳳山大明店,高雄市鳳山區 大明路１５８之１號
麻古茶坊－鳳山大明店,高雄市鳳山區 大明路１５８之１號
麻古茶坊－鳳山中崙店,高雄市鳳山區 中崙二路５４０號１樓
麻古茶坊－鳳山中崙店,高雄市鳳山區 中崙二路５４０號１Ｆ
麻古茶坊－鳳山南華店,高雄市鳳山區 南華路１０７號
麻古茶坊－鳳山南華店,高雄市鳳山區 南華路１０７號
麻古茶坊－鳳山高鳳店,高雄市鳳山區 高鳳一路９３號１Ｆ
麻古茶坊－鳳山高鳳店,高雄市鳳山區 高鳳一路９３號１樓
麻古茶坊－鳳山國中店,高雄市鳳山區 中山東路８６之８號１樓
麻古茶坊－鳳山新富店,高雄市鳳山區 新富路５２２號
麻古茶坊－鳳山經武店,高雄市鳳山區 經武路２００號
麻古茶坊－鳳山經武店,高雄市鳳山區 經武路２００號
麻古茶坊鳳山鳳西店,高雄市鳳山區 五甲一路１０６號１Ｆ
麻古茶坊－慶豐店,高雄市鼓山區 慶豐街１２號１樓
麻古茶坊－澄清店,高雄市鳳山區 澄清路３００號１樓
麻古茶坊－澄清店,高雄市鳳山區 澄清路３００號１Ｆ
麻古茶坊－橋頭店,高雄市橋頭區 隆豐路１４１號１樓
勝野町　日式料理,高雄市新興區 信守街１２１號１樓
博客停車場開發股份有限公司左營自由場,高雄市左營區 自由二路１７３號
博客停車場開發股份有限公司家福岡山場,高雄市岡山區 岡山路２８８號
博客停車場開發股份有限公司家福南屏場,高雄市左營區 新下里南屏路３６９號
博客停車場開發股份有限公司家福重和場,高雄市左營區 福山里文川路３２３號
博客停車場開發股份有限公司高雄七賢場,高雄市前金區 七賢二路１８６號
博客停車場開發股份有限公司高雄博愛場,高雄市鼓山區 博愛一路４６８號旁
博客停車場開發股份有限公司博愛大樓場,高雄市三民區 博愛一路３００號Ｂ１－Ｂ５
博客停車場開發股份有限公司楠梓藍田場,高雄市楠梓區 藍田路２６７號
博客停車場開發股份有限公司鳳山五甲場,高雄市鳳山區 五甲三路２１１號
博客停車場開發股份有限公司燦坤瑞隆場,高雄市前鎮區 瑞東里瑞隆路４０１號之停車場
博客停車場開發股份有限公司寶雅五福場,高雄市鳳山區 五福二路３號
博客停車場開發股份有限公司寶雅惠民場,高雄市楠梓區 惠民路２３０號
博客停車場開發股份有限公司寶雅藍田場,高雄市楠梓區 藍田路２７９號
喜得炭火燒三明治（左營立大店）,高雄市左營區 立大路１８５號一樓
喬壬停車場,高雄市左營區 新庄仔路和新庄仔路７３巷路口
壹欣至聖南屏停車場,高雄市鼓山區 龍中段２０地號（南屏路５９７號後面）
壹欣至聖南屏停車場,高雄市鼓山區 龍中段２０地號（南屏路５９７號後面）
壹欣勇全路停車場,高雄市仁武區 勇全路２１２號旁
壹欣勇全路停車場,高雄市仁武區 勇全路２１２號旁
壹欣篤敬文信停車場,高雄市鼓山區 龍華段八小段２４１２、２４１３地號　（篤敬路３１號對面）
壹欣篤敬文信停車場,高雄市鼓山區 龍華段八小段２４１２、２４１３地號（篤敬路３１號對面）
智能文衡文安停車場,高雄市鳳山區 文衡路４８５號旁
智能文衡文安停車場,高雄市鳳山區 文衡路４８５號旁（大貝湖段１５２。１５３地號）
智能平等五權停車場,高雄市鳳山區 平等路１５６－１號對面
智能平等五權停車場,高雄市鳳山區 平等路１５６－１號對面
智能崑明街停車場,高雄市前鎮區 一心二路１６７巷１１號對面
智能崑明街停車場,高雄市前鎮區 一心二路１６７巷１１號對面
棧貳庫西停車場,高雄市鼓山區 臨海新路３３號
棧貳庫東停車場,高雄市鼓山區 蓬萊路１７號
棨賢忠孝忠仁停車場,高雄市鳥松區 忠仁路４０－１號對面
棨賢重信華夏停車場,高雄市左營區 重信路４８３號旁空地
棨賢重信華夏停車場,高雄市左營區 重信路４８３號旁空地
棨賢新庄重清停車場,高雄市左營區 新庄仔路３９５號旁
棨賢新庄重清停車場,高雄市左營區 新庄仔路３９５號旁
棨賢德中援港停車場,高雄市楠梓區 德中路５２６號對面空地
森林仁親蔬食,高雄市前鎮區 文橫三路１９４號１樓
菟絲胖烘培,高雄市湖內區 湖中路６５５號１樓
華益國際開發有限公司－ＧｏＰａｒｋｉｎｇ高雄鳳山新,高雄市鳳山區 新甲路與新甲路３１巷口
華益國際開發有限公司－高雄大昌場,高雄市三民區 大昌一路３０６號西北側
華益國際開發有限公司高雄新田文橫停車場,高雄市新興區 文橫二路１５０號東南側
華益資產開發有限公司,高雄市新興區 民生一路５６號１８Ｆ之６
華益資產開發有限公司－ＧｏＰａｒｋｉｎｇ高雄忠孝鐵,高雄市三民區 忠孝一路與忠孝一路５５６巷交叉口
華益資產開發有限公司高雄堅如路停車場,高雄市三民區 堅如路４６號東北側
華益資產開發有限公司高雄康平遼寧停車場,高雄市三民區 康平街１１５號－１旁
華益資產開發有限公司鳳山北明街停車場,高雄市鳳山區 北明街與文化街８２巷交叉口
街頭咖啡－大順店,高雄市苓雅區 建國一路２０１號１樓
街頭咖啡－自強建國店,高雄市三民區 自強一路２０３號１樓
街頭咖啡－岡山店,高雄市岡山區 岡山路２１９號
街頭咖啡－嫩江店,高雄市三民區 嫩江街８６號１樓
街頭咖啡－旗津店,高雄市旗津區 振興里通山路３３號１樓
街頭咖啡－漢民店,高雄市小港區 大鵬路６１號１樓
詠心蚵仔煎,高雄市楠梓區 藍田路２３３號１樓
貿林延慶慶雲停車場,高雄市三民區 大港段３５４０、３５４１地號（延慶街２０２號對面）
貿林延慶慶雲停車場,高雄市三民區 大港段３５４０、３５４１地號（延慶街２０２號對面）
閑室珈琲,高雄市三民區 十全一路３７５號２樓
順就是健康的天堂（順義）,高雄市鼓山區 華泰路２９７號１樓
黃燜雞米飯－高雄店,高雄市新興區 中正三路１之１２號一樓
黑沃咖啡－路科店,高雄市路竹區 路科三路３號
新長越企業有限公司大同醫院第二停車場,高雄市前金區 新盛二街、民生路交叉口
新長越企業有限公司小港醫院門診地下停車場,高雄市小港區 山明路４８２號門診大樓地下１、２樓
新長越企業有限公司中六合停車場,高雄市前金區 六合二路２８１號空地
新長越企業有限公司仁智街停車場,高雄市苓雅區 仁智街１９９號旁空地
新長越企業有限公司六和錦田停車場,高雄市新興區 新興段一小段５８２、５８３及５８４地號（高雄市新興區六合
新長越企業有限公司成功六合停車場,高雄市前金區 六合二路與成功一路路口
新長越企業有限公司自立一停車場,高雄市三民區 自立一路９５號對面空地
新長越企業有限公司自強一路停車場,高雄市前金區 自強一路、武強街口
新長越企業有限公司自強三路停車場,高雄市前金區 光明街３號旁（文東段１０２５、１０２６地號）
新長越企業有限公司高雄大同醫院停車場,高雄市前金區 復元里中華三路６８號（１樓、Ｂ２）
新長越企業有限公司高雄小港醫院停車場,高雄市小港區 山明路４８２號１樓、地下一樓
新長越企業有限公司高雄小港醫院第四停車場,高雄市小港區 漢志街２８號對面空地
新長越企業有限公司新堀江停車場,高雄市前金區 中山二路５９６號旁空地
新詠科技－高雄ＩＫＥＡ停車場,高雄市前鎮區 中華五路１２０１號Ｂ１及Ｂ２
楓茶記－高雄店,高雄市左營區 至聖路２９１號
楠枳九如大昌停車場,高雄市三民區 九如一路３８３號的對面
楠枳九如大昌停車場,高雄市三民區 九如一路３８３號的對面
楠枳系統有限公司過勇過埤停車場　（ＥＣ）,高雄市鳳山區 過埤里過勇路２５２號旁空地
楠枳曾子重立停車場,高雄市左營區 曾子路２１０巷２３號右邊
楠枳曾子重立停車場,高雄市左營區 曾子路２１０巷２３號右邊
楠枳德民興泰停車場,高雄市楠梓區 德民路１０２６號旁
楠枳德民興泰停車場,高雄市楠梓區 德民路１０２６號旁
楠梓加仁路停車場,高雄市楠梓區 加仁路６０號旁
瑞豐東門路停車場,高雄市左營區 東門路１１７巷５１號旁
萬波島嶼紅茶　高雄富國店,高雄市左營區 富國路１號
萬波島嶼紅茶－後昌店,高雄市左營區 後昌路６８３號
萬波島嶼紅茶－高雄岡山店,高雄市岡山區 壽天路１０３之６號１樓
萬波島嶼紅茶－高雄武廟店,高雄市苓雅區 武廟路１９０號
萬波島嶼紅茶－高雄華榮店,高雄市鼓山區 華榮路３１３號
萬波島嶼紅茶－高雄裕誠店,高雄市左營區 裕誠路２４１號１Ｆ
萬波島嶼紅茶－路竹中正店,高雄市路竹區 中正路１７１號１樓
萬波島嶼紅茶－鳳山青年店,高雄市鳳山區 青年路二段３２２號
葉氏豆匠,高雄市三民區 民族一路５４３巷１６號１樓
蜂鳥生活圈未來商店（愛洗衫美術北三店）,高雄市鼓山區 美術北三路６６號
蜂鳥生活圈未來商店（歐日大寮中正店）,高雄市大寮區 中正路８４號
蜂鳥生活圈未來商店（歐日岡山大仁店）,高雄市岡山區 大仁路１９號
蜂鳥生活圈未來商店（歐日高雄　仁愛店）,高雄市大寮區 仁愛路３０號
蜂鳥生活圈未來商店（歐日高雄正義店）,高雄市苓雅區 正義路１４６號
蜂鳥生活圈未來商店（歐日高雄保泰店）,高雄市前鎮區 保泰路２２９號
蜂鳥生活圈無人商店（Ｏｄａｙ　高雄公正店）,高雄市前鎮區 二聖路１８９號
蜂鳥生活圈無人商店（洗多屋　高雄二聖店）,高雄市前鎮區 二聖二路９９號
蜂鳥生活圈無人商店（洗多屋自助洗衣　高雄熱河店）,高雄市三民區 熱河二街３３９號
蜂鳥生活圈無人商店（高雄灣復店）,高雄市三民區 灣復街１７號
蜂鳥生活圈無人商店（歐日大社高雄旗艦店）,高雄市大社區 翠屏路８４巷３號
蜂鳥生活圈無人商店（歐日自助洗衣　高雄大豐店）,高雄市三民區 大豐一路７３號
蜂鳥生活圈無人商店（歐日自助洗衣　鳳山文化店）,高雄市鳳山區 文化西路７０巷１２弄１１號
蜂鳥生活圈無人商店（歐日前鎮大禹店）,高雄市前鎮區 大禹街３６之１號
蜂鳥生活圈無人商店（歐日楠梓興楠店）,高雄市楠梓區 興楠路６１號
裕誠泰閤停車場,高雄市鼓山區 龍中段１４４地號（裕誠路１６９１號北側空地）
詮營股份有限公司高雄（七）收費處,高雄市鼓山區 青海路２２７號旁空地
詮營股份有限公司高雄（二）收費處,高雄市左營區 高鐵路４００號旁
詮營股份有限公司高雄（十）收費處,高雄市前金區 自強二路１０２巷旁空地
酬信大順覺民停車場,高雄市三民區 大順二路６３號旁
酬信大順覺民停車場,高雄市三民區 大順二路６３號旁
酬信博愛立信停車場,高雄市左營區 博愛二路４５０號旁
酬信博愛立信停車場,高雄市左營區 博愛二路４５０號旁
酬善國光后平停車場,高雄市前鎮區 國光路１４９號旁空地
酬善國光后平停車場,高雄市前鎮區 國光路１４９號旁空地
酬勤十全中華停車場,高雄市三民區 新都段１１３地號
酬勤十全中華停車場,高雄市三民區 新都段１１３地號
酬勤文昌文教停車場,高雄市鳳山區 文教路２３號對面
酬勤文昌文教停車場,高雄市鳳山區 文教路２３號對面
酬勤裕興路停車場,高雄市鼓山區 裕興路１２９巷１８號旁
酬勤裕興路停車場,高雄市鼓山區 裕興路１２９巷１８號旁
酬薪一心籬仔內停車場,高雄市前鎮區 籬仔內路１６６號斜對面
酬薪一心籬仔內停車場,高雄市前鎮區 籬仔內路１６６號斜對面
鼎中停車場,高雄市三民區 鼎中路５５２－１號
鼎吉鍋物,高雄市路竹區 中和街１６８號
鼓山裕興營業所（Ａ０４８９０１＿鼓山裕興）,高雄市鼓山區 中華一路４５號旁停車場
嘉申智能櫃,高雄市三民區 金山路１８巷２３弄８號２樓
嘉申智能櫃　（高雄車站　７０７００１）,高雄市三民區 建國二路３２０號地下二層（２號出口）
嘉申智能櫃　（漢神巨蛋７１８００１）,高雄市左營區 博愛二路７７７號Ｂ１Ｆ、１Ｆ、２Ｆ、４Ｆ
嘉申智能櫃（７２２００１　鼓山輪渡站）,高雄市鼓山區 濱海二路１號
嘉申智能櫃（三多商圈站　７０５００１）,高雄市前鎮區 中山二路２６８號地下一層（４號出口）
嘉申智能櫃（大東站　７０８００１）,高雄市鳳山區 光遠路２２６號地下一層（２號出口）
嘉申智能櫃（中央公園站　７０６００１）,高雄市前金區 中山一路１１號地下一層（３號出口）
嘉申智能櫃（文化中心站　７１７００１）,高雄市苓雅區 中正二路４５號地下一層（３號出口）
嘉申智能櫃（凹子底站　７１０００１）,高雄市鼓山區 博愛二路２１號地下一層（１號出口）
嘉申智能櫃（凹子底站７１０００２）,高雄市鼓山區 博愛二路２１號地下一樓（４號出口）
嘉申智能櫃（左營站　７０２００１）,高雄市左營區 高鐵路１０７號地下一層（１號出口）
嘉申智能櫃（巨蛋站　７０１００１）,高雄市左營區 博愛二路４８５號地下一層（２號出口）
嘉申智能櫃（前金站　７１６００１）,高雄市前金區 中正四路１９２－１號地下一層（２號出口）
嘉申智能櫃（哈瑪星站　７１１００１）,高雄市鼓山區 臨海二路１７－１號地下一層（２號出口）
嘉申智能櫃（後驛站　７０９００１）,高雄市三民區 博愛一路２２０號地下一層（１號出口）
嘉申智能櫃（美麗島站　７０３００１）,高雄市新興區 中山一路１１５號地下Ｂ１、Ｂ２
嘉申智能櫃（草衙站７２０００１）,高雄市前鎮區 翠亨南路５５５號地下一樓（３號出口）
嘉申智能櫃（高雄車站７０７００２）,高雄市三民區 建國二路３２０號地下二層（３號出口）
嘉申智能櫃（凱旋站　７１２００１）,高雄市前鎮區 中山三路１號地下一層（２號出口）
嘉申智能櫃（新光三多店　７０５００２）,高雄市前鎮區 三多三路２１３號Ｂ１
嘉申智能櫃（新光左營店　７００００１）,高雄市左營區 高鐵路１１５號Ｂ２Ｆ、１Ｆ、２Ｆ
嘉申智能櫃（獅甲站　７１５００１）,高雄市前鎮區 中山三路１５０號地下一層（４號出口）
嘉申智能櫃（漢神本館７１９００１）,高雄市前金區 成功一路２６６之１號７樓
嘉申智能櫃（鳳山西站７２１００１）,高雄市鳳山區 自由路２８１號地下一樓（１號出口）
嘉申智能櫃（衛武營站　７１４００１）,高雄市苓雅區 中正一路２號地下一層（４號出口）
嘉申智能櫃（鹽埕埔站　７１３００１）,高雄市鹽埕區 大勇路９６號地下一層（１號出口）
嘎逼＆牛奶（餐飲部）,高雄市梓官區 信義路２５６號旁
嫩嫩燒肉飯－富國店,高雄市左營區 富國路１１１號
實全中華路停車場,高雄市前鎮區 中華五路１４６８號對面
實全中華路停車場,高雄市前鎮區 中華五路１４６８號對面
旗津貝殼館Ａ營業所（Ａ０６６８０１１＿旗津貝殼館Ａ,高雄市鼓山區 旗津三路８８７號旁空地停車場
旗津貝殼館Ｂ營業所（Ａ０６１００１１＿旗津貝殼館Ｂ,高雄市鼓山區 旗津三路５２號對面空地停車場
旗津燈塔營業所（Ａ０５８３０１１＿旗津燈塔）,高雄市旗津區 海岸路３６－１號旁停車場
滷台味楠梓後昌,高雄市楠梓區 後昌路１０８０號１樓
漢堡克Ｂｕｒｇｅｒ　Ｇｒａｍ,高雄市前鎮區 林森三路８７號１樓
福滿竹機車停車場,高雄市路竹區 中正路２９５之３號旁
精采好茶－六合店,高雄市新興區 六合一路１５９之５號１樓
蓁心素食坊,高雄市楠梓區 德民路９１９號
蓁淉蔬食麵坊,高雄市大社區 中山路４８１號１樓
遠創－五都文守停車場,高雄市左營區 菜公里菜公段二小段６８４－２地號
遠創－五都左營站前停車場,高雄市左營區 站前路１００號
遠創－五都高雄重平停車場,高雄市左營區 福山段４４７地號
遠創－五都高雄重和停車場,高雄市左營區 福山段４７８，４７８－１，４７８－２地號
遠創－五都停車場高鐵左營站,高雄市左營區 站前一街２號旁
遠創－芳美妍鳳山桂明,高雄市鳳山區 頂豐街與頂賢街交叉口
遠創－昱亨停車岡山介壽場,高雄市岡山區 介壽路１００號旁
遠創－神通資訊科技林森四路,高雄市前鎮區 林森四路及啟聖街口
遠創－國雲科技岡山大仁,高雄市岡山區 大仁北路３號
遠創－鴻海高雄軟體園區停車場,高雄市前鎮區 成功二路２５號
遠創－禮頓前鎮崗山中街,高雄市前鎮區 崗山中街６４號旁空地
鳳杉七賢河西停車場,高雄市鹽埕區 七賢二路４２３號對面
鳳杉七賢河西停車場,高雄市鹽埕區 七賢二路４２３號對面
鳳杉九如延吉停車場,高雄市三民區 九如一路８５８號旁
鳳杉九如延吉停車場,高雄市三民區 九如一路８５８號旁
鳳杉中山青年停車場,高雄市前金區 青年二路６號旁空地
鳳杉中山青年停車場,高雄市前金區 青年二路６號旁空地
鳳杉市中建國停車場,高雄市三民區 市中一路４５６號對面
鳳杉市中建國停車場,高雄市三民區 市中一路４５６號對面
齊杉中山橫路停車場,高雄市新興區 中山橫路６５號旁
齊杉中山橫路停車場,高雄市新興區 新興段四小段１８４６地號（中山橫路６５號旁）
齊杉鼎中鼎貴停車場,高雄市三民區 鼎中路７１０號旁
齊杉鼎中鼎貴停車場,高雄市三民區 鼎中路７１０號旁
齊津同盟美都停車場,高雄市三民區 新都段５９地號（同盟三路６４２號旁）
齊津同盟美都停車場,高雄市三民區 新都段５９地號（同盟三路６４２號旁）
齊津科技民族同盟停車場,高雄市三民區 建生段２８地號（民族一路１５７號旁）
齊津科技民族同盟停車場,高雄市三民區 建生段２８地號（民族一路１５７號旁）
齊津科技有限公司河北繼光停車場,高雄市三民區 河北二路８２號旁
齊津科技有限公司河北繼光停車場　（ＥＣ）,高雄市三民區 河北二路８２號旁
齊津科技有限公司樹德路停車場　（ＥＣ）,高雄市橋頭區 德松里樹德路２６５號旁
齊津美都德裕停車場,高雄市三民區 新都段６１地號（同盟三路７１０號後面）
齊津美都德裕停車場,高雄市三民區 新都段６１地號（同盟三路７１０號後面）
齊津凱旋民族停車場,高雄市三民區 凱旋一路２３３號旁
齊津凱旋民族停車場,高雄市三民區 凱旋一路２３３號旁
墨門珈琲,高雄市新興區 六合一路２０號１樓
廟口粄條,高雄市美濃區 中興路１段７９３號１樓
槿韓食堂,高雄市三民區 河北一路３００號１樓
樂食糖,高雄市鳳山區 王生明路２３巷９４號
歐特儀ＣＡＲＩＮ停車場－小港機場,高雄市小港區 中山四路２號
歐特儀ＣＡＲＩＮ停車場－高雄榮總,高雄市左營區 大中一路３８６號
歐特儀ＣＡＲＩＮ停車場－高雄管仲場,高雄市前鎮區 管仲南路３６０號對面空地
歐特儀ＣＡＲＩＮ停車場－鳳山車站地下法定停車場,高雄市鳳山區 曹公里曹公路１３７號
澎派,高雄市三民區 建工路４３６號１樓
蓬萊停車場,高雄市鼓山區 蓬萊二路１０號
蔦松系統有限公司成功路停車場,高雄市苓雅區 成功一路１９９號旁
蔦松系統有限公司成功路停車場　（ＥＣ）,高雄市苓雅區 成功一路１９９號旁
蔦松博愛重立停車場,高雄市左營區 博愛三路６６３號旁（新光段９地號）
蔦松博愛重立停車場,高雄市左營區 博愛三路６６３號旁（新光段９地號）
蔦松福德建民停車場,高雄市苓雅區 建民路１２２號對面空地
蔦松福德建民停車場,高雄市苓雅區 建民路１２２號對面空地
寰宇綠能九如永年停車場,高雄市三民區 大港段３５１１之５、３５１６等地號（九如一路９４８號右邊
寰宇綠能九如永年停車場,高雄市三民區 大港段３５１１之５等地號（九如一路９４８號右邊）
戰鬥雞－三民陽明店,高雄市三民區 陽明路１３８號１樓
樺達奶茶高雄美術館概念店,高雄市鼓山區 美術東四路１３０號１樓
橫山家－七賢店,高雄市新興區 七賢一路３０１號１樓
橫山家－七賢店（ＥＣ）,高雄市新興區 七賢一路３０１號１樓
橫濱九田日系拉麵,高雄市鳳山區 光遠路２０號１樓
橫濱九田日系拉麵－建國店,高雄市苓雅區 建國一路１１７之４號
潞竹文橫民生停車場,高雄市新興區 文橫一路３９號旁
潞竹文橫民生停車場,高雄市新興區 文橫一路３９號旁
潞竹民生五福停車場,高雄市新興區 五福一街與民生路口旁
潞竹民生五福停車場,高雄市新興區 五福一街與民生路口旁
蕃茄村－前鎮廣東店,高雄市前鎮區 汕頭街５０號１樓
貓小白魚湯麵,高雄市左營區 重立路４９５號
錢都日式涮涮鍋－大寮鳳林店,高雄市大寮區 鳳林三路３６０－５號
錢都日式涮涮鍋－苓雅建國店,高雄市苓雅區 建國一路１７１號１Ｆ
錢都日式涮涮鍋－鳳山文衡店,高雄市鳳山區 文衡路５６２號
錦田肉燥飯自由店,高雄市左營區 自由二路１６５號１樓
霖雅建武建興停車場,高雄市三民區 建武路１０９號旁
霖雅建武建興停車場,高雄市三民區 建武路１０９號旁
霖雅國際有限公司冠源停車場,高雄市鳳山區 文福里青年路二段１９７號旁
霖雅國際有限公司冠源停車場（ＥＣ）,高雄市鳳山區 文福里青年路二段１９７號旁
霖園重美華夏停車場,高雄市左營區 華夏路１６４７號旁
霖園重美華夏停車場,高雄市左營區 華夏路１６４７號旁
霖園憲政憲昌停車場,高雄市苓雅區 憲政路１３２號對面
霖園憲政憲昌停車場,高雄市苓雅區 憲政路１３２號對面
霖園藍田援中停車場,高雄市楠梓區 藍田路２０號旁
霖園藍田援中停車場,高雄市楠梓區 藍田路２０號旁
龍巖股份有限公司光之門分公司,高雄市三民區 本館路６００巷３６號Ｂ１
懂得‧咖啡,高雄市左營區 勝利路８７號
聰明鴨肉店,高雄市新興區 復橫一路２７１號１樓
韓熙恩２４Ｈ無人拉麵店－高雄大昌店,高雄市三民區 大昌二路５６４號
韓熙恩２４Ｈ無人拉麵店－高雄忠孝店,高雄市苓雅區 忠孝二路１２２號１樓
韓熙恩無人拉麵店,高雄市楠梓區 藍田路１１０３號
韓熙恩無人拉麵店－高雄大社店,高雄市大社區 中山路５９號１Ｆ
韓熙恩無人拉麵店－高雄建興店,高雄市三民區 建興路２０９號１樓
點心食客,高雄市左營區 頂西里店仔頂路１４０號１Ｆ
職人餐廚　高雄中鋼店,高雄市小港區 中鋼路６２號
雙醬咖哩高雄路竹店,高雄市路竹區 大社路１５０號１Ｆ
鵝鵝漫遊,高雄市鼓山區 中華一路８５之４號
羅斯朵晴天現烘咖啡專門店,高雄市苓雅區 廣州一街１５３－３號
寶生停車場,高雄市前金區 博孝段第０４２８－０００地號（長生街２６旁）
寶如停車場,高雄市三民區 大順段３３９、３４０、３４０－１、３４１、３４１－１地號
寶成停車場,高雄市左營區 新庄段１３小段１４８３－２、１４８３－３地號（自由二路３
寶泰停車場,高雄市鹽埕區 五福四路１２８號旁空地
寶盛停車場,高雄市三民區 九如二路４４２號
寶盛停車場－七賢路１場,高雄市新興區 新興段一小段７３８地號（七賢一路１４７號旁空地）
寶盛停車場－七賢路２場,高雄市新興區 七賢一路１７６號旁空地
寶盛停車場－十全路場,高雄市三民區 大港段二小段１２３２地號（十全一路３３號旁空地）
寶盛停車場－大昌一路場,高雄市三民區 大昌一路３４７號旁空地
寶盛停車場－大順自由場,高雄市鼓山區 龍東段１、３地號（大順路與自由路交叉口）
寶盛停車場－文強路場,高雄市左營區 新民段１５９、１６０地號　重化街５３號旁空地
寶盛停車場－文龍東路場,高雄市鳳山區 文德里鳳青段２７８、２７９、２８０、２８６、２８７、２８
寶盛停車場－本館路場,高雄市鳥松區 大埤段２０、２１地號（本館路２３５號旁地號）
寶盛停車場－正心街場,高雄市左營區 新庄段十三小段１４３６－２地號（正心街８５號旁空地）
寶盛停車場－正忠路場,高雄市三民區 建興路２１號旁空地
寶盛停車場有限公司河堤路場,高雄市三民區 河堤段４、５、６、７、９地號（敦煌路１０２號對面空地）
寶盛停車場－昌盛路場,高雄市鼓山區 龍華段八小段２２７９地號（昌盛路２０號旁空地）
寶盛停車場－明華路２場,高雄市鼓山區 明誠里明華路２７６號旁空地
寶盛停車場－博愛四路場,高雄市左營區 福民段２４５地號（博愛四路２８０號旁空地）
寶盛停車場－華夏路場,高雄市左營區 華夏路１０６２號旁空地
寶盛停車場－新慶路場,高雄市左營區 新勝段２７、２８、２９、３０地號（新慶路３５號斜對面空地
寶盛停車場－裕誠路場,高雄市鼓山區 富農路３２８號後方空地
寶盛停車場－德威街場,高雄市左營區 新庄段十二小段１０７５、１０７７地號﹙富國路２２０號旁﹚
寶盛停車場－藍昌路場,高雄市楠梓區 藍昌路３７９號旁空地
寶盛停車場－鹽埕街場,高雄市鹽埕區 鹽埕街４號及５號旁空地
寶復停車場,高雄市前金區 光復一街６９號旁
寶華停車場,高雄市苓雅區 林德官段二小段３５２６－１地號（光華一路１４８之６號旁空
騰之雞排　大社金龍店,高雄市大社區 金龍路４０－３號
鶴茶樓－三民十全店,高雄市三民區 十全一路３４９、３５１號一樓
鶴茶樓－大社中山店,高雄市大社區 中山路３６０號
鶴茶樓－大寮和發店,高雄市大寮區 和發路１２號
鶴茶樓－仁武仁雄店,高雄市仁武區 仁雄路３６之１號
鶴茶樓－左營崇德店,高雄市左營區 崇德路２８３號１樓
鶴茶樓－岡山站前店,高雄市岡山區 岡山路２４４號１樓
鶴茶樓－苓雅武廟店,高雄市苓雅區 福德二路８號１樓
鶴茶樓－高雄瑞隆店,高雄市前鎮區 瑞隆路５６０號
鶴茶樓－楠梓德賢店,高雄市楠梓區 德賢路２０６號
鶴茶樓－瑞豐南屏店,高雄市鼓山區 南屏路５０５號１樓
鶴茶樓－路竹大社店,高雄市路竹區 大社路１１８號１樓
鶴茶樓－漢神自強店,高雄市前金區 自強三路２５１號１樓
鶴茶樓－鳳山五甲店,高雄市鳳山區 五甲二路６５７號一樓
鶴茶樓－鳳山光遠店,高雄市鳳山區 光遠路２７４號
鶴茶樓－鳳山青年店,高雄市鳳山區 青年路２段３７７號１樓
彎腰湯圓,高雄市鼓山區 南屏路５３７號
彎腰湯圓　高雄自強店,高雄市苓雅區 自強三路１１０號１樓
癮燒日嚐餐盒,高雄市鳳山區 青年路二段３９４號１樓
囍事快剪－自由店,高雄市左營區 自由三路２８４號
囍事快剪－明誠店,高雄市鼓山區 明誠三路７３２號１樓
囍事快剪－建興店,高雄市三民區 寶龍里建興路３１２號
鑫閣茶業－旗山店,高雄市旗山區 竹峰里中山路１８８號
